id,name,address,rating,rating_text,reviews_count,reviews_text,working_status,latitude,longitude,coordinates,url,categories
127243841256,Обмен валюты,"Кутузовский просп., 26, корп. 1",5.0,"5,0",354,354 оценки,Открыто до 00:00,55.742851,37.540808,"37.540808,55.742851",https://yandex.ru/maps/org/obmen_valyuty/127243841256/,Обмен валюты
1125106989,Норвик банк,"ул. Зацепский Вал, 5, Москва",4.2,"4,2",637,637 оценок,Открыто до 21:00,55.732054,37.640399,"37.640399,55.732054",https://yandex.ru/maps/org/norvik_bank/1125106989/,"Банк, обмен валюты"
201392994175,Обмен валюты,"просп. Вернадского, 14А, Москва",4.9,"4,9",26,26 оценок,Открыто до 21:00,55.677823,37.507503,"37.507503,55.677823",https://yandex.ru/maps/org/obmen_valyuty/201392994175/,Обмен валюты
7360275942,Цифра банк,"ул. Каретный Ряд, 5/10с2, Москва, этаж цокольный",4.1,"4,1",837,837 оценок,Открыто до 20:00,55.772789,37.608566,"37.608566,55.772789",https://yandex.ru/maps/org/tsifra_bank/7360275942/,"Банк, обмен валюты"
4278830277,Норвик банк,"1-я Тверская-Ямская ул., 8, Москва",4.5,"4,5",402,402 оценки,Открыто до 21:00,55.771766,37.593507,"37.593507,55.771766",https://yandex.ru/maps/org/norvik_bank/4278830277/,"Банк, обмен валюты"
153815366707,Камкомбанк,"Краснопрудная ул., 13, Москва, помещение 2/Ц",5.0,"5,0",138,138 оценок,Открыто до 22:00,55.781038,37.666908,"37.666908,55.781038",https://yandex.ru/maps/org/kamkombank/153815366707/,"Банк, обмен валюты"
186234189287,Камкомбанк,"Тверская ул., 6, стр. 2, Москва",4.9,"4,9",917,917 оценок,Открыто до 22:00,55.761627,37.610998,"37.610998,55.761627",https://yandex.ru/maps/org/kamkombank/186234189287/,"Банк, обмен валюты"
244174997582,Камкомбанк,"Грузинский пер., 16",4.9,"4,9",165,165 оценок,Открыто до 22:00,55.773722,37.579971,"37.579971,55.773722",https://yandex.ru/maps/org/kamkombank/244174997582/,"Банк, обмен валюты"
30703783985,Камкомбанк,"Марксистская ул., 7",4.9,"4,9",130,130 оценок,Открыто до 22:00,55.736124,37.666212,"37.666212,55.736124",https://yandex.ru/maps/org/kamkombank/30703783985/,"Банк, обмен валюты"
221832346296,Банк Авангард,"3-й Монетчиковский пер., 11, стр. 1",5.0,"5,0",819,819 оценок,Открыто до 21:00,55.732167,37.629487,"37.629487,55.732167",https://yandex.ru/maps/org/bank_avangard/221832346296/,"Банк, обмен валюты"
190089271604,Камкомбанк,"Поварская ул., 10, стр. 1",5.0,"5,0",87,87 оценок,Открыто до 22:00,55.753564,37.598205,"37.598205,55.753564",https://yandex.ru/maps/org/kamkombank/190089271604/,"Банк, обмен валюты"
30761058264,Внешфинбанк,"Пятницкая ул., 55/25с4, Москва",4.5,"4,5",740,740 оценок,Открыто до 20:00,55.734205,37.627903,"37.627903,55.734205",https://yandex.ru/maps/org/vneshfinbank/30761058264/,"Банк, обмен валюты"
137189659412,Камкомбанк,"Люсиновская ул., 29, стр. 1",4.7,"4,7",501,501 оценка,Открыто до 22:00,55.724771,37.622924,"37.622924,55.724771",https://yandex.ru/maps/org/kamkombank/137189659412/,"Банк, обмен валюты"
144983611252,Камкомбанк,"Бутырская ул., 6",4.9,"4,9",970,970 оценок,Открыто до 22:00,55.795742,37.584935,"37.584935,55.795742",https://yandex.ru/maps/org/kamkombank/144983611252/,"Банк, обмен валюты"
167759495630,Обмен валюты,"Валовая ул., 8/18, Москва",3.9,"3,9",17,17 оценок,Открыто до 20:45,55.730909,37.632977,"37.632977,55.730909",https://yandex.ru/maps/org/obmen_valyuty/167759495630/,Обмен валюты
138027085018,Приморье,"ул. Земляной Вал, 7, Москва, этаж 1",4.2,"4,2",859,859 оценок,Открыто до 20:00,55.762139,37.657705,"37.657705,55.762139",https://yandex.ru/maps/org/primorye/138027085018/,"Банк, обмен валюты"
147389928709,Камкомбанк,"Каширское ш., 26, корп. 3, Москва",4.9,"4,9",387,387 оценок,Открыто до 22:00,55.65309,37.647506,"37.647506,55.653090",https://yandex.ru/maps/org/kamkombank/147389928709/,"Банк, обмен валюты"
236148688553,Камкомбанк,"площадь Победы, 2, корп. 1",4.9,"4,9",522,522 оценки,Открыто до 22:00,55.737657,37.52122,"37.521220,55.737657",https://yandex.ru/maps/org/kamkombank/236148688553/,"Банк, обмен валюты"
94501903403,ФинТех,"Ленинградский просп., 10, Москва",5.0,"5,0",353,353 оценки,Открыто до 00:00,55.779708,37.579719,"37.579719,55.779708",https://yandex.ru/maps/org/fintekh/94501903403/,Обмен валюты
238836372972,Банк Авангард,"Манежная площадь, 1, стр. 2, Москва, ТК Охотный ряд",3.5,"3,5",11,11 оценок,Открыто до 22:00,55.756935,37.6151,"37.615100,55.756935",https://yandex.ru/maps/org/bank_avangard/238836372972/,"Банк, обмен валюты"
1071077389,Банк Авангард,"Трубная площадь, 2, Москва, ТЦ Галерея Неглинная",4.3,"4,3",119,119 оценок,Открыто до 21:45,55.766061,37.621399,"37.621399,55.766061",https://yandex.ru/maps/org/bank_avangard/1071077389/,"Банк, обмен валюты"
1291095600,Банк Финам,"Настасьинский пер., 7, стр. 2, Москва",4.5,"4,5",169,169 оценок,Открыто до 21:00,55.767851,37.604348,"37.604348,55.767851",https://yandex.ru/maps/org/bank_finam/1291095600/,"Банк, обмен валюты"
1547497975,Внешфинбанк,"Руновский пер., 6, стр. 2, Москва, ДО ""Центральный""",,,,,Организация переехала,55.742802,37.634573,"37.634573,55.742802",https://yandex.ru/maps/org/vneshfinbank/1547497975/,"Банк, обмен валюты"
139236718511,Камкомбанк,"Ярцевская ул., 14, Москва",5.0,"5,0",555,555 оценок,Открыто до 22:00,55.73799,37.412471,"37.412471,55.737990",https://yandex.ru/maps/org/kamkombank/139236718511/,"Банк, обмен валюты"
1090542201,Солид банк,"Хорошёвское ш., 32А, Москва, подъезд 11",4.3,"4,3",1133,1133 оценки,Открыто до 19:00,55.776486,37.541755,"37.541755,55.776486",https://yandex.ru/maps/org/solid_bank/1090542201/,"Банк, обмен валюты"
229064404313,Обмен валюты Молодежная,"Ярцевская ул., 29, корп. 1, Москва",5.0,"5,0",192,192 оценки,Открыто до 31 декабря,55.742372,37.417706,"37.417706,55.742372",https://yandex.ru/maps/org/obmen_valyuty_molodezhnaya/229064404313/,Обмен валюты
37339194813,Awx,"Пресненская наб., 12, Москва",5.0,"5,0",151,151 оценка,Круглосуточно,55.749618,37.537371,"37.537371,55.749618",https://yandex.ru/maps/org/awx/37339194813/,"Обмен валюты, криптомат"
28071186266,Альтернатива,"Кутузовский просп., 27, Москва, этаж 1",4.5,"4,5",60,60 оценок,Открыто до 23:00,55.743546,37.545277,"37.545277,55.743546",https://yandex.ru/maps/org/alternativa/28071186266/,"Обмен валюты, расчетная небанковская кредитная организация"
38786256215,Операционная касса,"Профсоюзная ул., 1/24, Москва",5.0,"5,0",285,285 оценок,Круглосуточно,55.686708,37.57301,"37.573010,55.686708",https://yandex.ru/maps/org/operatsionnaya_kassa/38786256215/,Обмен валюты
229249615306,Камкомбанк,"Балтийская ул., 4, Москва",4.9,"4,9",361,361 оценка,Открыто до 22:00,55.807218,37.512548,"37.512548,55.807218",https://yandex.ru/maps/org/kamkombank/229249615306/,"Обмен валюты, банк"
210587576980,Операционная касса,"просп. Вернадского, 39, Москва",5.0,"5,0",312,312 оценок,Открыто до 22:00,55.675726,37.505992,"37.505992,55.675726",https://yandex.ru/maps/org/operatsionnaya_kassa/210587576980/,Обмен валюты
51325144606,Цифра банк,"1-й Красногвардейский пр., 15, Москва",4.1,"4,1",462,462 оценки,Открыто до 21:00,55.750198,37.53955,"37.539550,55.750198",https://yandex.ru/maps/org/tsifra_bank/51325144606/,"Банк, обмен валюты"
164497894321,Банк Казани,"Пречистенская наб., 5, Москва",5.0,"5,0",253,253 оценки,Открыто до 20:00,55.736145,37.600186,"37.600186,55.736145",https://yandex.ru/maps/org/bank_kazani/164497894321/,"Банк, обмен валюты"
13276952943,Камкомбанк,"Люблинская ул., 171, Москва",4.9,"4,9",840,840 оценок,Открыто до 22:00,55.647302,37.746685,"37.746685,55.647302",https://yandex.ru/maps/org/kamkombank/13276952943/,"Банк, обмен валюты"
190489410549,Рекс Криптообменник,"Пресненская наб., 12, Москва",5.0,"5,0",163,163 оценки,Открыто до 20:00,55.74976,37.537799,"37.537799,55.749760",https://yandex.ru/maps/org/reks_kriptoobmennik/190489410549/,"Обмен валюты, электронная коммерция"
1349378966,РНКО Металлург,"ул. Ивана Бабушкина, 16А, Москва",4.3,"4,3",461,461 оценка,Открыто до 17:30,55.684792,37.560372,"37.560372,55.684792",https://yandex.ru/maps/org/rnko_metallurg/1349378966/,"Банк, обмен валюты"
199265456322,Камкомбанк,"Дмитровское ш., 50, корп. 1, Москва",4.7,"4,7",322,322 оценки,Открыто до 22:00,55.845988,37.569219,"37.569219,55.845988",https://yandex.ru/maps/org/kamkombank/199265456322/,"Банк, обмен валюты"
213940337181,Банк Казани,"ул. 1905 года, 4, Москва",4.9,"4,9",99,99 оценок,Открыто до 20:00,55.764974,37.56175,"37.561750,55.764974",https://yandex.ru/maps/org/bank_kazani/213940337181/,"Банк, обмен валюты"
140707711782,Альтернатива,"ул. Арбат, 12, стр. 1, Москва, этаж 2",4.4,"4,4",51,51 оценка,Открыто до 19:00,55.750979,37.595795,"37.595795,55.750979",https://yandex.ru/maps/org/alternativa/140707711782/,"Обмен валюты, расчетная небанковская кредитная организация"
11750282248,Камкомбанк,"Свободный просп., 37/18, Москва",4.8,"4,8",692,692 оценки,Открыто до 22:00,55.748661,37.816501,"37.816501,55.748661",https://yandex.ru/maps/org/kamkombank/11750282248/,"Банк, обмен валюты"
204650940514,Банк Авангард,"ул. Красная Пресня, 23, корп. Б, стр. 1, Москва, Супермаркет Лента",4.1,"4,1",115,115 оценок,Открыто до 21:15,55.761462,37.568129,"37.568129,55.761462",https://yandex.ru/maps/org/bank_avangard/204650940514/,"Банк, обмен валюты"
225530210970,Московский кредитный банк,"Баррикадная ул., 19, стр. 1, Москва",4.3,"4,3",160,160 оценок,Открыто до 19:00,55.760493,37.579844,"37.579844,55.760493",https://yandex.ru/maps/org/moskovskiy_kreditny_bank/225530210970/,"Банк, обмен валюты"
12466963653,Банк Жилищного Финансирования,"Брянская ул., 5, Москва",4.0,"4,0",900,900 оценок,Открыто до 20:00,55.744141,37.561766,"37.561766,55.744141",https://yandex.ru/maps/org/bank_zhilishchnogo_finansirovaniya/12466963653/,"Банк, обмен валюты"
182851735470,Норвик банк,"Новинский бул., 28/35с1А, Москва",4.9,"4,9",379,379 оценок,Открыто до 21:00,55.757374,37.585062,"37.585062,55.757374",https://yandex.ru/maps/org/norvik_bank/182851735470/,"Банк, обмен валюты"
59903012966,Операционная касса,"Профсоюзная ул., 56, Москва, этаж 1",5.0,"5,0",81,81 оценка,Открыто до 21:00,55.669961,37.55215,"37.552150,55.669961",https://yandex.ru/maps/org/operatsionnaya_kassa/59903012966/,Обмен валюты
189393089555,Приморье,"Новинский бул., 12, Москва",4.6,"4,6",205,205 оценок,Открыто до 20:00,55.753433,37.584084,"37.584084,55.753433",https://yandex.ru/maps/org/primorye/189393089555/,"Банк, обмен валюты"
11249711271,Aifory Pro,"Пресненская наб., 12, Москва",5.0,"5,0",538,538 оценок,Круглосуточно,55.749633,37.537434,"37.537434,55.749633",https://yandex.ru/maps/org/aifory_pro/11249711271/,"Обмен валюты, электронная коммерция"
67229281297,Вайлдберриз банк,"Большой Каретный пер., 20, стр. 2, Москва",1.0,"1,0",538,538 оценок,Открыто до 18:00,55.771953,37.616325,"37.616325,55.771953",https://yandex.ru/maps/org/vayldberriz_bank/67229281297/,"Банк, обмен валюты"
44432772695,Камкомбанк,"Первомайская ул., 5, Москва",5.0,"5,0",215,215 оценок,Открыто до 22:00,55.791085,37.773113,"37.773113,55.791085",https://yandex.ru/maps/org/kamkombank/44432772695/,"Банк, обмен валюты"
55945506781,Камкомбанк,"Чертановская ул., 1В, корп. 1, Москва",4.9,"4,9",105,105 оценок,Открыто до 22:00,55.639642,37.606645,"37.606645,55.639642",https://yandex.ru/maps/org/kamkombank/55945506781/,"Банк, обмен валюты"
209315553724,MoneyPort,"Пресненская наб., 12, Москва",5.0,"5,0",103,103 оценки,Открыто до 19:00,55.749633,37.537434,"37.537434,55.749633",https://yandex.ru/maps/org/moneyport/209315553724/,Обмен валюты
59752672207,Камкомбанк,"ул. Героев Панфиловцев, 1/2, Москва",4.9,"4,9",226,226 оценок,Открыто до 22:00,55.852196,37.438333,"37.438333,55.852196",https://yandex.ru/maps/org/kamkombank/59752672207/,"Банк, обмен валюты"
104253124109,Обмен валют,"Большая Дорогомиловская ул., 6, Москва",4.2,"4,2",6,6 оценок,Круглосуточно,55.745485,37.569355,"37.569355,55.745485",https://yandex.ru/maps/org/obmen_valyut/104253124109/,"Обмен валюты, прочие кассы"
161128038097,Первый инвестиционный банк,"площадь Киевского Вокзала, 2, Москва, этаж 1",3.5,"3,5",69,69 оценок,Открыто до 20:00,55.743543,37.564312,"37.564312,55.743543",https://yandex.ru/maps/org/pervy_investitsionny_bank/161128038097/,"Банк, обмен валюты"
104803901393,Камкомбанк,"Новоясеневский просп., 32, корп. 1, Москва",4.8,"4,8",464,464 оценки,Открыто до 22:00,55.604041,37.539972,"37.539972,55.604041",https://yandex.ru/maps/org/kamkombank/104803901393/,"Банк, обмен валюты"
1069002140,Банк Авангард,"ул. Вавилова, 3, Москва, гипермаркет Ашан, ТЦ Гагаринский",4.3,"4,3",72,72 оценки,Открыто до 22:00,55.707401,37.58994,"37.589940,55.707401",https://yandex.ru/maps/org/bank_avangard/1069002140/,"Банк, обмен валюты"
198070385372,24ExPay,"Пресненская наб., 12, Москва",5.0,"5,0",144,144 оценки,Открыто до 19:00,55.750072,37.537749,"37.537749,55.750072",https://yandex.ru/maps/org/24expay/198070385372/,"Обмен валюты, денежные переводы"
178259356233,Операционная касса,"Кутузовский просп., 9, корп. 1, Москва, этаж 1",4.7,"4,7",64,64 оценки,Открыто до 01:00,55.748236,37.560137,"37.560137,55.748236",https://yandex.ru/maps/org/operatsionnaya_kassa/178259356233/,Обмен валюты
14865796441,Энерготрансбанк,"Новоясеневский просп., 1, Москва, этаж 2",3.2,"3,2",243,243 оценки,Перерыв до 15:00,55.619706,37.509982,"37.509982,55.619706",https://yandex.ru/maps/org/energotransbank/14865796441/,"Банк, обмен валюты"
53423552686,Камкомбанк,"Бакунинская ул., 50, стр. 1, Москва",4.8,"4,8",265,265 оценок,Открыто до 22:00,55.776692,37.68808,"37.688080,55.776692",https://yandex.ru/maps/org/kamkombank/53423552686/,"Банк, обмен валюты"
1395499823,Банк Авангард,"Мичуринский просп., 9, корп. 3, Москва, этаж 1",4.2,"4,2",99,99 оценок,Открыто до 21:15,55.700285,37.506064,"37.506064,55.700285",https://yandex.ru/maps/org/bank_avangard/1395499823/,"Банк, обмен валюты"
1357355635,Банк Зенит,"Головинское ш., 5, корп. 1, Москва, подъезд 1",4.7,"4,7",462,462 оценки,Открыто до 18:00,55.840245,37.492024,"37.492024,55.840245",https://yandex.ru/maps/org/bank_zenit/1357355635/,"Банк, обмен валюты"
196157854505,Первый инвестиционный банк,"ул. Вавилова, 3, Москва, этаж 1",2.1,"2,1",50,50 оценок,Открыто до 22:00,55.706803,37.590894,"37.590894,55.706803",https://yandex.ru/maps/org/pervy_investitsionny_bank/196157854505/,"Банк, обмен валюты"
7986449671,Камкомбанк,"Ленинский просп., 87, Москва",4.9,"4,9",63,63 оценки,Открыто до 22:00,55.679649,37.534192,"37.534192,55.679649",https://yandex.ru/maps/org/kamkombank/7986449671/,"Банк, обмен валюты"
12864284255,Камкомбанк,"ул. Маршала Бирюзова, 8, корп. 1, Москва",4.9,"4,9",52,52 оценки,Открыто до 22:00,55.7921,37.496661,"37.496661,55.792100",https://yandex.ru/maps/org/kamkombank/12864284255/,"Банк, обмен валюты"
139785341885,Обмен Валюты,,4.9,"4,9",44,44 оценки,Круглосуточно,55.6819,37.516461,"37.516461,55.681900",https://yandex.ru/maps/org/obmen_valyuty/139785341885/,Обмен валюты
1235806841,Норвик банк,"Новинский бул., 20А, стр. 8, Москва",,,,,Организация переехала,55.755353,37.585808,"37.585808,55.755353",https://yandex.ru/maps/org/norvik_bank/1235806841/,"Банк, обмен валюты"
110868104710,Камкомбанк,"Восточная ул., 13, Москва",4.9,"4,9",68,68 оценок,Открыто до 22:00,55.712183,37.659021,"37.659021,55.712183",https://yandex.ru/maps/org/kamkombank/110868104710/,"Банк, обмен валюты"
185272234100,Камкомбанк,"просп. Мира, 102, корп. 2, Москва",4.9,"4,9",71,71 оценка,Открыто до 22:00,55.801566,37.636671,"37.636671,55.801566",https://yandex.ru/maps/org/kamkombank/185272234100/,"Банк, обмен валюты"
153405561946,ExCash,"Кутузовский просп., 30, Москва",4.8,"4,8",42,42 оценки,Открыто до 23:00,55.741601,37.537907,"37.537907,55.741601",https://yandex.ru/maps/org/excash/153405561946/,Обмен валюты
226925547914,Крипто обменник,"Пресненская наб., 12, Москва",5.0,"5,0",98,98 оценок,Открыто до 20:00,55.749633,37.537434,"37.537434,55.749633",https://yandex.ru/maps/org/kripto_obmennik/226925547914/,"Обмен валюты, криптомат"
157397423227,Банк Казани,"Мичуринский просп., 34, Москва",4.7,"4,7",65,65 оценок,Открыто до 20:00,55.698419,37.498507,"37.498507,55.698419",https://yandex.ru/maps/org/bank_kazani/157397423227/,"Банк, обмен валюты"
1902843945,Крокус-Банк,"Международная ул., 6, Красногорск, floor 1",3.9,"3,9",151,151 оценка,Перерыв до 15:00,55.817633,37.388553,"37.388553,55.817633",https://yandex.ru/maps/org/krokus_bank/1902843945/,"Банк, обмен валюты"
95243972175,Банк Авангард,"Багратионовский пр., 5, Москва, этаж 1",2.8,"2,8",66,66 оценок,Открыто до 21:15,55.743733,37.507951,"37.507951,55.743733",https://yandex.ru/maps/org/bank_avangard/95243972175/,"Банк, обмен валюты"
1100133127,Нс банк,"Подмосковный бул., 1, Красногорск, Пом",4.4,"4,4",569,569 оценок,Перерыв до 15:00,55.819856,37.364832,"37.364832,55.819856",https://yandex.ru/maps/org/ns_bank/1100133127/,"Банк, обмен валюты"
22868336220,Банк ДОМ.РФ,"Пресненская наб., 10, стр. 2, Москва, этаж 1",4.1,"4,1",367,367 оценок,Открыто до 19:00,55.747289,37.534981,"37.534981,55.747289",https://yandex.ru/maps/org/bank_dom_rf/22868336220/,"Банк, обмен валюты"
1058774657,Банк Авангард,"Дмитровское ш., 11, Москва, этаж 1",4.4,"4,4",287,287 оценок,Открыто до 20:00,55.816093,37.574629,"37.574629,55.816093",https://yandex.ru/maps/org/bank_avangard/1058774657/,"Банк, обмен валюты"
154771560253,Банк Казани,"ул. Куусинена, 4А, корп. 1, Москва",4.3,"4,3",355,355 оценок,Открыто до 20:00,55.780332,37.516442,"37.516442,55.780332",https://yandex.ru/maps/org/bank_kazani/154771560253/,"Банк, обмен валюты"
53439082382,Генбанк,"Малая Андроньевская ул., 20/8с1-1А, Москва",4.4,"4,4",464,464 оценки,Открыто до 17:30,55.742343,37.673378,"37.673378,55.742343",https://yandex.ru/maps/org/genbank/53439082382/,"Банк, обмен валюты"
1186173855,СберБанк,"ул. Объединения, 7/27, Балашиха",4.8,"4,8",3623,3623 оценки,Открыто до 19:30,55.826481,37.970081,"37.970081,55.826481",https://yandex.ru/maps/org/sberbank/1186173855/,"Банк, обмен валюты"
127906030399,Московский кредитный банк,"1-й Красногвардейский пр., 22, стр. 1, Москва, этаж 1",4.3,"4,3",135,135 оценок,Открыто до 19:00,55.75134,37.534695,"37.534695,55.751340",https://yandex.ru/maps/org/moskovskiy_kreditny_bank/127906030399/,"Банк, обмен валюты"
50571793336,Банк Казани,"ул. Академика Королёва, 3, Москва",4.3,"4,3",428,428 оценок,Открыто до 20:00,55.821018,37.631408,"37.631408,55.821018",https://yandex.ru/maps/org/bank_kazani/50571793336/,"Банк, обмен валюты"
213733011593,Обмен Валюты,"Ломоносовский просп., 18, Москва",4.7,"4,7",24,24 оценки,Открыто до 00:00,55.69176,37.539742,"37.539742,55.691760",https://yandex.ru/maps/org/obmen_valyuty/213733011593/,Обмен валюты
119181625808,Первый инвестиционный банк,"ул. Вавилова, 3, Москва, этаж 1",4.2,"4,2",41,41 оценка,Открыто до 22:00,55.706712,37.590916,"37.590916,55.706712",https://yandex.ru/maps/org/pervy_investitsionny_bank/119181625808/,"Банк, обмен валюты"
109304998893,Внешфинбанк,"Рязанский просп., 77, Москва, этаж цокольный",3.9,"3,9",299,299 оценок,До открытия 1 мин,55.717224,37.795285,"37.795285,55.717224",https://yandex.ru/maps/org/vneshfinbank/109304998893/,"Обмен валюты, банк"
45262829698,Камкомбанк,"Ореховый бул., 13, Москва",5.0,"5,0",129,129 оценок,Открыто до 22:00,55.611511,37.719621,"37.719621,55.611511",https://yandex.ru/maps/org/kamkombank/45262829698/,"Банк, обмен валюты"
195386595927,Камкомбанк,"ул. Менжинского, 21, Москва",4.8,"4,8",180,180 оценок,Открыто до 22:00,55.869179,37.665919,"37.665919,55.869179",https://yandex.ru/maps/org/kamkombank/195386595927/,"Банк, обмен валюты"
208927838621,Операционная касса,"Ленинградский просп., 33А, Москва, этаж 1",4.1,"4,1",77,77 оценок,Открыто до 21:00,55.788139,37.55831,"37.558310,55.788139",https://yandex.ru/maps/org/operatsionnaya_kassa/208927838621/,Обмен валюты
68857357246,Ветхие доллары,"ул. Барклая, 6, Москва",5.0,"5,0",70,70 оценок,Открыто до 19:00,55.740674,37.503935,"37.503935,55.740674",https://yandex.ru/maps/org/vetkhiye_dollary/68857357246/,"Обмен валюты, нумизматика и бонистика"
69141910929,Операционная касса,"Дмитровское ш., 98С, Москва, этаж 2",4.4,"4,4",204,204 оценки,Открыто до 00:00,55.879258,37.546854,"37.546854,55.879258",https://yandex.ru/maps/org/operatsionnaya_kassa/69141910929/,Обмен валюты
71714925487,Космос,"Большая Дорогомиловская ул., 5, Москва, этаж цокольный",4.4,"4,4",21,21 оценка,Открыто до 21:30,55.746021,37.558527,"37.558527,55.746021",https://yandex.ru/maps/org/kosmos/71714925487/,"Банк, обмен валюты"
1058962366,Локо-Банк,"Ярцевская ул., 22, стр. 1, Москва",4.1,"4,1",231,231 оценка,Открыто до 19:00,55.738488,37.413303,"37.413303,55.738488",https://yandex.ru/maps/org/loko_bank/1058962366/,"Банк, обмен валюты"
177516068519,Внешфинбанк,"Митинская ул., 25, Москва",4.7,"4,7",411,411 оценок,До открытия 1 мин,55.844581,37.362981,"37.362981,55.844581",https://yandex.ru/maps/org/vneshfinbank/177516068519/,"Обмен валюты, банк"
1028112951,Банк Финам,"Кутузовский просп., 35, Москва",4.0,"4,0",72,72 оценки,Открыто до 21:00,55.739464,37.537323,"37.537323,55.739464",https://yandex.ru/maps/org/bank_finam/1028112951/,"Банк, обмен валюты"
205216686505,Банк Авангард,"ул. Удальцова, 42, Москва, этаж 1",4.1,"4,1",92,92 оценки,Открыто до 21:15,55.683459,37.49126,"37.491260,55.683459",https://yandex.ru/maps/org/bank_avangard/205216686505/,"Банк, обмен валюты"
216109030617,Банк Казани,"ул. Стромынка, 5, Москва",4.9,"4,9",94,94 оценки,Открыто до 20:00,55.791063,37.684462,"37.684462,55.791063",https://yandex.ru/maps/org/bank_kazani/216109030617/,"Банк, обмен валюты"
1071533837,Нс банк,"Варшавское ш., 152, корп. 11, Москва",4.3,"4,3",496,496 оценок,Перерыв до 15:00,55.589944,37.597256,"37.597256,55.589944",https://yandex.ru/maps/org/ns_bank/1071533837/,"Банк, обмен валюты"
229629929676,Операционная касса,"Киевская ул., 2, Москва",4.2,"4,2",54,54 оценки,Открыто до 00:30,55.74332,37.562694,"37.562694,55.743320",https://yandex.ru/maps/org/operatsionnaya_kassa/229629929676/,"Обмен валюты, небанковская кредитная организация"
219997032792,Банк Уралсиб,"Марксистская ул., 1, корп. 1, Москва, этаж 1",3.9,"3,9",377,377 оценок,Открыто до 19:00,55.740495,37.658037,"37.658037,55.740495",https://yandex.ru/maps/org/bank_uralsib/219997032792/,"Банк, обмен валюты"
1002718509,Нс банк,"Новочерёмушкинская ул., 50, Москва",4.2,"4,2",405,405 оценок,Перерыв до 15:00,55.669997,37.565733,"37.565733,55.669997",https://yandex.ru/maps/org/ns_bank/1002718509/,"Банк, обмен валюты"
140760261276,Операционная касса,"Бутырская ул., 9, корп. 2, Москва",5.0,"5,0",107,107 оценок,Круглосуточно,55.794665,37.583781,"37.583781,55.794665",https://yandex.ru/maps/org/operatsionnaya_kassa/140760261276/,Обмен валюты
205835450204,Живаго банк,"Пресненская наб., 12, Москва, этаж -1",4.3,"4,3",33,33 оценки,Открыто до 19:00,55.749323,37.537041,"37.537041,55.749323",https://yandex.ru/maps/org/zhivago_bank/205835450204/,"Банк, обмен валюты"
77106760795,24bitbank,"Пресненская наб., 12, Москва",4.7,"4,7",21,21 оценка,Открыто до 21:00,55.749476,37.537344,"37.537344,55.749476",https://yandex.ru/maps/org/24bitbank/77106760795/,"Обмен валюты, денежные переводы"
37859538310,Cripthub,"Пресненская наб., 12, Москва",5.0,"5,0",57,57 оценок,Открыто до 22:00,55.749633,37.537434,"37.537434,55.749633",https://yandex.ru/maps/org/cripthub/37859538310/,"Обмен валюты, электронная коммерция"
96314950812,Атлантекс,"Пресненская наб., 12, Москва, этаж 33",5.0,"5,0",66,66 оценок,Открыто до 22:00,55.749618,37.537371,"37.537371,55.749618",https://yandex.ru/maps/org/atlanteks/96314950812/,"Обмен валюты, электронная платёжная система"
1344691949,Пункт обмена валют,"Автозаводская ул., 7, Москва, банк Русский стандарт",4.2,"4,2",62,62 оценки,Открыто до 21:00,55.708036,37.660525,"37.660525,55.708036",https://yandex.ru/maps/org/punkt_obmena_valyut/1344691949/,Обмен валюты
1333657688,Абсолют Банк,"Валовая ул., 2-4/44с1, Москва",4.1,"4,1",158,158 оценок,Открыто до 20:00,55.731087,37.634495,"37.634495,55.731087",https://yandex.ru/maps/org/absolyut_bank/1333657688/,"Банк, обмен валюты"
1113345897,Нс банк,"ул. Островитянова, 7, Москва",4.2,"4,2",197,197 оценок,Перерыв до 15:00,55.64421,37.49474,"37.494740,55.644210",https://yandex.ru/maps/org/ns_bank/1113345897/,"Банк, обмен валюты"
237918480769,Банк Казани,"Новослободская ул., 50/1с2, Москва",4.9,"4,9",64,64 оценки,Открыто до 20:00,55.787345,37.593904,"37.593904,55.787345",https://yandex.ru/maps/org/bank_kazani/237918480769/,"Банк, обмен валюты"
116744808389,Локо-Банк,"ул. Викторенко, 5, стр. 1, Москва",4.1,"4,1",294,294 оценки,До открытия 1 мин,55.799225,37.529656,"37.529656,55.799225",https://yandex.ru/maps/org/loko_bank/116744808389/,"Банк, обмен валюты"
1034289588,Мир Привилегий,"Поварская ул., 23, стр. 4, Москва",4.0,"4,0",257,257 оценок,Открыто до 17:00,55.755572,37.589386,"37.589386,55.755572",https://yandex.ru/maps/org/mir_privilegiy/1034289588/,"Банк, обмен валюты"
1085514151,Банк Авангард,"ул. Большая Якиманка, 52, Москва",4.3,"4,3",312,312 оценок,Открыто до 20:00,55.731915,37.611708,"37.611708,55.731915",https://yandex.ru/maps/org/bank_avangard/1085514151/,"Банк, обмен валюты"
41635926785,SatoshiEx,"Ленинградский просп., 36, стр. 37, Москва, подъезд 1",5.0,"5,0",274,274 оценки,Открыто до 19:00,55.789026,37.567887,"37.567887,55.789026",https://yandex.ru/maps/org/satoshiex/41635926785/,"Обмен валюты, криптомат"
1104826896,Абсолют Банк,"Кутузовский просп., 24, Москва, этаж 1",4.1,"4,1",252,252 оценки,Открыто до 20:00,55.744599,37.545695,"37.545695,55.744599",https://yandex.ru/maps/org/absolyut_bank/1104826896/,"Банк, обмен валюты"
1060439578,Далена банк,"Енисейская ул., 1, стр. 1, Москва, этаж 1",4.3,"4,3",132,132 оценки,Открыто до 18:00,55.849541,37.670078,"37.670078,55.849541",https://yandex.ru/maps/org/dalena_bank/1060439578/,"Банк, обмен валюты"
1089659007,Первый инвестиционный банк,"Бескудниковский бул., 36, Москва",4.0,"4,0",220,220 оценок,Открыто до 20:00,55.873741,37.552446,"37.552446,55.873741",https://yandex.ru/maps/org/pervy_investitsionny_bank/1089659007/,"Банк, обмен валюты"
87918851510,СберБанк,"Просторная ул., 8, Москва",4.7,"4,7",1124,1124 оценки,Открыто до 19:00,55.805034,37.717523,"37.717523,55.805034",https://yandex.ru/maps/org/sberbank/87918851510/,"Банк, обмен валюты"
1077381103,Банк Авангард,"Варшавское ш., 26, стр. 10, Москва",4.0,"4,0",150,150 оценок,Открыто до 20:00,55.685412,37.621954,"37.621954,55.685412",https://yandex.ru/maps/org/bank_avangard/1077381103/,"Банк, обмен валюты"
236157991673,Банк УРАЛСИБ,"Профсоюзная ул., 43, корп. 1, Москва",3.5,"3,5",453,453 оценки,Открыто до 20:00,55.668085,37.553425,"37.553425,55.668085",https://yandex.ru/maps/org/bank_uralsib/236157991673/,"Банк, обмен валюты"
1403043066,Национальный стандарт,"ул. Большая Ордынка, 52, Москва",4.6,"4,6",20,20 оценок,До открытия 16 мин,55.734467,37.624148,"37.624148,55.734467",https://yandex.ru/maps/org/natsionalny_standart/1403043066/,"Банк, обмен валюты"
211386366049,А7 Финансы - ПСБ,"Смоленская-Сенная площадь, 27, стр. 1, Москва",4.0,"4,0",55,55 оценок,Открыто до 20:00,55.744713,37.5827,"37.582700,55.744713",https://yandex.ru/maps/org/a7_finansy_psb/211386366049/,Обмен валюты
232468386514,Альтернатива,"Пресненская наб., 2, Москва, этаж 1",4.3,"4,3",21,21 оценка,Открыто до 22:00,55.749005,37.53834,"37.538340,55.749005",https://yandex.ru/maps/org/alternativa/232468386514/,"Обмен валюты, расчетная небанковская кредитная организация"
1361904135,Крокус-Банк,"Московская область, городской округ Красногорск, Новорижское шоссе, 26-й километр, с1, этаж 1",3.6,"3,6",126,126 оценок,Перерыв до 15:00,55.785989,37.246164,"37.246164,55.785989",https://yandex.ru/maps/org/krokus_bank/1361904135/,"Банк, обмен валюты"
159485431857,Камкомбанк,"Алтуфьевское ш., 80, Москва",4.8,"4,8",127,127 оценок,Открыто до 22:00,55.894503,37.588145,"37.588145,55.894503",https://yandex.ru/maps/org/kamkombank/159485431857/,"Банк, обмен валюты"
196841368841,Банк Авангард,"Щукинская ул., 42, Москва, этаж 1",2.6,"2,6",70,70 оценок,Открыто до 22:00,55.809568,37.463285,"37.463285,55.809568",https://yandex.ru/maps/org/bank_avangard/196841368841/,"Банк, обмен валюты"
66741592045,Альтернатива,"просп. Мира, 79, Москва, 2А",4.7,"4,7",64,64 оценки,Открыто до 23:00,55.791342,37.634241,"37.634241,55.791342",https://yandex.ru/maps/org/alternativa/66741592045/,"Обмен валюты, расчетная небанковская кредитная организация"
213451013864,Eastchange,"Пресненская наб., 12, Москва",4.1,"4,1",41,41 оценка,Открыто до 21:00,55.749633,37.537434,"37.537434,55.749633",https://yandex.ru/maps/org/eastchange/213451013864/,Обмен валюты
1034328427,Нс банк,"ул. Земляной Вал, 34, стр. 4, Москва",4.3,"4,3",196,196 оценок,Перерыв до 15:00,55.756487,37.656996,"37.656996,55.756487",https://yandex.ru/maps/org/ns_bank/1034328427/,"Банк, обмен валюты"
1454600127,Банк РМП,"ул. Климашкина, 21, Москва, Вход в кассу со стороны ул. Пресненский Вал",4.3,"4,3",147,147 оценок,Открыто до 18:30,55.76773,37.565155,"37.565155,55.767730",https://yandex.ru/maps/org/bank_rmp/1454600127/,"Банк, обмен валюты"
1027730678,Банк Авангард,"Марксистская ул., 38, Москва",4.1,"4,1",92,92 оценки,Открыто до 22:00,55.733826,37.667199,"37.667199,55.733826",https://yandex.ru/maps/org/bank_avangard/1027730678/,"Банк, обмен валюты"
1063359246,Далена банк,"ш. Энтузиастов, 56, стр. 32, Москва",3.9,"3,9",404,404 оценки,Открыто до 18:00,55.760128,37.763339,"37.763339,55.760128",https://yandex.ru/maps/org/dalena_bank/1063359246/,"Банк, обмен валюты"
1086334291,Банк Авангард,"Боровское ш., 35, Москва, ТЦ Петровский",4.0,"4,0",152,152 оценки,Открыто до 22:00,55.641239,37.35981,"37.359810,55.641239",https://yandex.ru/maps/org/bank_avangard/1086334291/,"Банк, обмен валюты"
1106730156,Банк Авангард,"Большая Тульская ул., 2, Москва, ТЦ Корабль",4.1,"4,1",61,61 оценка,Открыто до 21:15,55.709028,37.620761,"37.620761,55.709028",https://yandex.ru/maps/org/bank_avangard/1106730156/,"Банк, обмен валюты"
47801055630,Банк Авангард,"Дмитровское ш., 89, Москва, этаж 1",3.7,"3,7",122,122 оценки,Открыто до 22:00,55.86367,37.545823,"37.545823,55.863670",https://yandex.ru/maps/org/bank_avangard/47801055630/,"Банк, обмен валюты"
76430729361,Операционная касса,"ул. Земляной Вал, 72, Москва, этаж цокольный",4.1,"4,1",45,45 оценок,Открыто до 19:30,55.744045,37.65444,"37.654440,55.744045",https://yandex.ru/maps/org/operatsionnaya_kassa/76430729361/,Обмен валюты
1249119425,Банк Авангард,"Театральная аллея, 3, стр. 1, Москва, этаж -1",4.3,"4,3",91,91 оценка,Открыто до 21:15,55.79308,37.559768,"37.559768,55.793080",https://yandex.ru/maps/org/bank_avangard/1249119425/,"Банк, обмен валюты"
1785658845,Совкомбанк,"просп. Андропова, 30, Москва",4.1,"4,1",421,421 оценка,Открыто до 21:00,55.67914,37.662426,"37.662426,55.679140",https://yandex.ru/maps/org/sovkombank/1785658845/,"Банк, обмен валюты"
1024058598,СберБанк,"Рублёвское ш., 42, корп. 1, Москва",4.6,"4,6",1441,1441 оценка,Открыто до 19:30,55.750946,37.412161,"37.412161,55.750946",https://yandex.ru/maps/org/sberbank/1024058598/,"Банк, обмен валюты"
1013315480,Банк Уралсиб,"ул. Академика Королёва, 3, Москва, этаж 1",4.1,"4,1",536,536 оценок,Открыто до 19:00,55.820956,37.632217,"37.632217,55.820956",https://yandex.ru/maps/org/bank_uralsib/1013315480/,"Банк, обмен валюты"
229957157450,Камкомбанк,"Головинское ш., 4, Москва",4.7,"4,7",66,66 оценок,Открыто до 22:00,55.839026,37.489491,"37.489491,55.839026",https://yandex.ru/maps/org/kamkombank/229957157450/,"Банк, обмен валюты"
206715437315,Обмен валюты,"ул. Новый Арбат, 23, Москва",4.2,"4,2",21,21 оценка,Открыто до 20:30,55.752055,37.58173,"37.581730,55.752055",https://yandex.ru/maps/org/obmen_valyuty/206715437315/,Обмен валюты
209005632578,Обмен валюты,"Кутузовский просп., 18, Москва",4.1,"4,1",32,32 оценки,Открыто до 01:00,55.746795,37.55234,"37.552340,55.746795",https://yandex.ru/maps/org/obmen_valyuty/209005632578/,Обмен валюты
69434223069,Банк Глобус,"Новинский бул., 8, стр. 2, Москва",3.7,"3,7",17,17 оценок,Круглосуточно,55.750146,37.583658,"37.583658,55.750146",https://yandex.ru/maps/org/bank_globus/69434223069/,"Банк, обмен валюты"
16080479645,Московский кредитный банк,"ул. Дмитрия Ульянова, 24, стр. 1, Москва, помещение 9/П",4.0,"4,0",400,400 оценок,Открыто до 20:00,55.686951,37.574465,"37.574465,55.686951",https://yandex.ru/maps/org/moskovskiy_kreditny_bank/16080479645/,"Банк, обмен валюты"
181060749510,Банк Авангард,"Большая Семёновская ул., 20, Москва, этаж 1",4.0,"4,0",47,47 оценок,Открыто до 21:15,55.78166,37.705247,"37.705247,55.781660",https://yandex.ru/maps/org/bank_avangard/181060749510/,"Банк, обмен валюты"
39886278036,Ноосфера,"площадь Победы, 2, корп. 2, Москва, этаж 1",4.2,"4,2",86,86 оценок,Открыто до 18:45,55.737273,37.516924,"37.516924,55.737273",https://yandex.ru/maps/org/noosfera/39886278036/,"Банк, обмен валюты"
1163665788,Совкомбанк,"Ярцевская ул., 27, корп. 1, Москва",4.2,"4,2",588,588 оценок,Открыто до 21:00,55.741737,37.41669,"37.416690,55.741737",https://yandex.ru/maps/org/sovkombank/1163665788/,"Банк, обмен валюты"
210406541946,Старые швейцарские франки,"Никольская ул., 15, стр. 1, Москва",4.8,"4,8",18,18 оценок,Открыто до 21:00,55.757349,37.622441,"37.622441,55.757349",https://yandex.ru/maps/org/staryye_shveytsarskiye_franki/210406541946/,"Обмен валюты, нумизматика и бонистика"
128378964538,Тендер-банк,"ул. Ленинская Слобода, 19, стр. 1, Москва",4.3,"4,3",103,103 оценки,Открыто до 18:00,55.708944,37.655407,"37.655407,55.708944",https://yandex.ru/maps/org/tender_bank/128378964538/,"Банк, обмен валюты"
1477704426,Банк Авангард,"Ореховый бул., 14, корп. 3, Москва, этаж 0",4.1,"4,1",160,160 оценок,Открыто до 21:15,55.609675,37.720106,"37.720106,55.609675",https://yandex.ru/maps/org/bank_avangard/1477704426/,"Банк, обмен валюты"
187278104868,Банк ДОМ.РФ,"Кутузовский просп., 2/1к1А, Москва",5.0,"5,0",497,497 оценок,Открыто до 20:00,55.750703,37.564836,"37.564836,55.750703",https://yandex.ru/maps/org/bank_dom_rf/187278104868/,"Банк, обмен валюты"
1164157214,Банк Авангард,"Енисейская ул., 19, корп. 1, Москва, этаж -1",4.2,"4,2",99,99 оценок,Открыто до 21:15,55.869208,37.663018,"37.663018,55.869208",https://yandex.ru/maps/org/bank_avangard/1164157214/,"Банк, обмен валюты"
67543457665,Первый Инвестиционный банк,"Шереметьевская ул., 20, Москва, этаж 2",4.1,"4,1",37,37 оценок,Открыто до 22:00,55.803347,37.61835,"37.618350,55.803347",https://yandex.ru/maps/org/pervy_investitsionny_bank/67543457665/,"Банк, обмен валюты"
1119266117,Банк Авангард,"Солнцевский просп., 21, Москва, этаж 1",4.2,"4,2",150,150 оценок,Открыто до 21:15,55.64702,37.411569,"37.411569,55.647020",https://yandex.ru/maps/org/bank_avangard/1119266117/,"Банк, обмен валюты"
1123106661,СберБанк,"ул. Сущёвский Вал, 52/17, Москва",4.2,"4,2",772,772 оценки,Открыто до 19:30,55.792792,37.615105,"37.615105,55.792792",https://yandex.ru/maps/org/sberbank/1123106661/,"Банк, обмен валюты"
1033438207,Банк Уралсиб,"Русаковская ул., 28, стр. 1Б, Москва, офис Банка, офис расположена бесплатная парковка",4.1,"4,1",419,419 оценок,Открыто до 19:00,55.788337,37.681419,"37.681419,55.788337",https://yandex.ru/maps/org/bank_uralsib/1033438207/,"Банк, обмен валюты"
146660732956,Обменник Криптовалют,"Пресненская наб., 10, стр. 1, Москва",,,,,Организация переехала,55.748914,37.535475,"37.535475,55.748914",https://yandex.ru/maps/org/obmennik_kriptovalyut/146660732956/,"Обмен валюты, электронная коммерция"
237831771626,Операционная касса,"Новоясеневский просп., 2Б, стр. 2, Москва",4.9,"4,9",33,33 оценки,Открыто до 23:00,55.616829,37.508777,"37.508777,55.616829",https://yandex.ru/maps/org/operatsionnaya_kassa/237831771626/,Обмен валюты
119343151601,TransferDelivery,"Пресненская наб., 12, Москва",4.9,"4,9",26,26 оценок,Открыто до 21:00,55.749633,37.537434,"37.537434,55.749633",https://yandex.ru/maps/org/transferdelivery/119343151601/,"Обмен валюты, финансовый консалтинг"
7581297083,Альтернатива,"ул. Земляной Вал, 32, Москва",4.4,"4,4",29,29 оценок,Открыто до 23:00,55.756974,37.657185,"37.657185,55.756974",https://yandex.ru/maps/org/alternativa/7581297083/,"Обмен валюты, расчетная небанковская кредитная организация"
89128124862,Реалист банк,"Милютинский пер., 2, Москва",4.3,"4,3",114,114 оценок,До открытия 1 мин,55.761498,37.631875,"37.631875,55.761498",https://yandex.ru/maps/org/realist_bank/89128124862/,"Банк, обмен валюты"
1067025653,Международный финансовый клуб,"Тверской бул., 13, стр. 1, Москва, подъезд 4",4.4,"4,4",173,173 оценки,Открыто до 18:00,55.760502,37.599634,"37.599634,55.760502",https://yandex.ru/maps/org/mezhdunarodny_finansovy_klub/1067025653/,"Банк, обмен валюты"
112618625208,Далена банк,"Смоленский бул., 17, стр. 1, Москва",4.1,"4,1",43,43 оценки,Открыто до 18:00,55.742326,37.583616,"37.583616,55.742326",https://yandex.ru/maps/org/dalena_bank/112618625208/,"Банк, обмен валюты"
192309282671,Локо-Банк,"Профсоюзная ул., 104Д, Москва",4.0,"4,0",284,284 оценки,Открыто до 19:00,55.642097,37.524448,"37.524448,55.642097",https://yandex.ru/maps/org/loko_bank/192309282671/,"Банк, обмен валюты"
24548734301,Дружба,"Воронцовская ул., 4, стр. 1, Москва, этаж 1",4.2,"4,2",85,85 оценок,Открыто до 18:00,55.74022,37.655044,"37.655044,55.740220",https://yandex.ru/maps/org/druzhba/24548734301/,"Банк, обмен валюты"
1091126166,Банк Авангард,"Ленинградский просп., 76А, Москва, ТЦ Метромаркет",3.8,"3,8",83,83 оценки,Открыто до 21:45,55.805827,37.515146,"37.515146,55.805827",https://yandex.ru/maps/org/bank_avangard/1091126166/,"Банк, обмен валюты"
1268017736,Ланта-банк,"Новокузнецкая ул., 9, стр. 1, Москва",4.3,"4,3",429,429 оценок,Открыто до 19:00,55.738749,37.630441,"37.630441,55.738749",https://yandex.ru/maps/org/lanta_bank/1268017736/,"Банк, обмен валюты"
62413488304,Совкомбанк,"Трубниковский пер., 13, стр. 1, Москва",3.0,"3,0",1315,1315 оценок,Открыто до 19:00,55.753801,37.586334,"37.586334,55.753801",https://yandex.ru/maps/org/sovkombank/62413488304/,"Банк, обмен валюты"
139718251963,Обменник криптовалют,"Пресненская наб., 12, Москва",4.9,"4,9",25,25 оценок,Открыто до 20:00,55.749633,37.537434,"37.537434,55.749633",https://yandex.ru/maps/org/obmennik_kriptovalyut/139718251963/,"Обмен валюты, электронная коммерция"
11719418757,Банк Авангард,"Манежная площадь, 1, стр. 2, Москва, этаж -2",4.1,"4,1",32,32 оценки,Открыто до 22:00,55.754665,37.613555,"37.613555,55.754665",https://yandex.ru/maps/org/bank_avangard/11719418757/,"Банк, обмен валюты"
45431715965,Char,"Пресненская наб., 12, Москва, этаж 10",4.8,"4,8",24,24 оценки,Открыто до 21:00,55.749835,37.537738,"37.537738,55.749835",https://yandex.ru/maps/org/char/45431715965/,"Обмен валюты, электронная коммерция"
234421369709,Кошелев банк,"Сретенский бул., 5, Москва",4.3,"4,3",106,106 оценок,Открыто до 20:00,55.76684,37.633105,"37.633105,55.766840",https://yandex.ru/maps/org/koshelev_bank/234421369709/,"Банк, обмен валюты"
67773898823,Операционная касса,"Большая Дорогомиловская ул., 14, Москва",4.1,"4,1",32,32 оценки,Открыто до 00:00,55.746566,37.559556,"37.559556,55.746566",https://yandex.ru/maps/org/operatsionnaya_kassa/67773898823/,Обмен валюты
107179274782,Альтернатива,"Таганская ул., 29, стр. 1, Москва",4.6,"4,6",43,43 оценки,Открыто до 21:00,55.739669,37.667668,"37.667668,55.739669",https://yandex.ru/maps/org/alternativa/107179274782/,"Обмен валюты, расчетная небанковская кредитная организация"
149638729667,Нс банк,"Сходненская ул., 35, корп. 1, Москва",4.3,"4,3",301,301 оценка,Перерыв до 15:00,55.848168,37.43905,"37.439050,55.848168",https://yandex.ru/maps/org/ns_bank/149638729667/,"Банк, обмен валюты"
1051881643,Нс банк,,4.2,"4,2",271,271 оценка,Открыто до 17:30,55.744012,37.66849,"37.668490,55.744012",https://yandex.ru/maps/org/ns_bank/1051881643/,"Банк, обмен валюты"
1000519489,Нс банк,"Тверской бул., 20, стр. 1, Москва",4.1,"4,1",288,288 оценок,Перерыв до 15:00,55.761161,37.602352,"37.602352,55.761161",https://yandex.ru/maps/org/ns_bank/1000519489/,"Банк, обмен валюты"
123013881973,Банк Авангард,"ул. Большая Полянка, 24/2с4, Москва, этаж 1",4.3,"4,3",172,172 оценки,Открыто до 20:00,55.737569,37.618585,"37.618585,55.737569",https://yandex.ru/maps/org/bank_avangard/123013881973/,"Банк, обмен валюты"
1123630820,Локо-банк,"Люблинская ул., 165, корп. 2, Москва",4.1,"4,1",204,204 оценки,Открыто до 19:00,55.649738,37.745815,"37.745815,55.649738",https://yandex.ru/maps/org/loko_bank/1123630820/,"Банк, обмен валюты"
71213801191,Банк Авангард,"Шоссейная ул., 34, стр. 1, Москва, Супермаркет Перекресток",4.1,"4,1",140,140 оценок,Открыто до 21:15,55.682763,37.722992,"37.722992,55.682763",https://yandex.ru/maps/org/bank_avangard/71213801191/,"Банк, обмен валюты"
1176848038,Банк Авангард,"Западная ул., с4, рабочий посёлок Новоивановское, ТЦ Пикник",4.1,"4,1",75,75 оценок,Открыто до 20:00,55.708151,37.359549,"37.359549,55.708151",https://yandex.ru/maps/org/bank_avangard/1176848038/,"Банк, обмен валюты"
128918442320,Банк Финам,"Ломоносовский просп., 4, корп. 1, Москва",4.3,"4,3",35,35 оценок,Открыто до 21:00,55.686332,37.549117,"37.549117,55.686332",https://yandex.ru/maps/org/bank_finam/128918442320/,"Банк, обмен валюты"
74670551581,Банк Авангард,"Головинское ш., 5, корп. 1, Москва, этаж 1",4.0,"4,0",84,84 оценки,Открыто до 22:00,55.840493,37.490332,"37.490332,55.840493",https://yandex.ru/maps/org/bank_avangard/74670551581/,"Банк, обмен валюты"
1387838855,Банк Авангард,"Волоколамское ш., 3, стр. 1, Красногорск, ТЦ Карамель",4.0,"4,0",105,105 оценок,Открыто до 21:15,55.81911,37.338205,"37.338205,55.819110",https://yandex.ru/maps/org/bank_avangard/1387838855/,"Банк, обмен валюты"
1783134959,Далена банк,"пр. Берёзовой Рощи, 12, Москва, этаж 1",4.2,"4,2",74,74 оценки,Открыто до 18:00,55.791433,37.521231,"37.521231,55.791433",https://yandex.ru/maps/org/dalena_bank/1783134959/,"Банк, обмен валюты"
57560762082,Гута-Банк,"Орликов пер., 5, стр. 3, Москва",4.0,"4,0",298,298 оценок,Открыто до 17:00,55.77296,37.650569,"37.650569,55.772960",https://yandex.ru/maps/org/guta_bank/57560762082/,"Банк, обмен валюты"
1249596967,Банк Авангард,"ул. Каховка, 27, Москва, этаж 1",3.9,"3,9",125,125 оценок,Открыто до 21:30,55.655685,37.571677,"37.571677,55.655685",https://yandex.ru/maps/org/bank_avangard/1249596967/,"Банк, обмен валюты"
55062358222,Совкомбанк,"Суворовская площадь, 1/52к1, Москва",4.1,"4,1",100,100 оценок,Открыто до 18:00,55.780785,37.615273,"37.615273,55.780785",https://yandex.ru/maps/org/sovkombank/55062358222/,"Банк, обмен валюты"
1229128469,Банк Авангард,"Варшавское ш., 152А, Москва, этаж 1",4.3,"4,3",124,124 оценки,Открыто до 21:15,55.594611,37.59913,"37.599130,55.594611",https://yandex.ru/maps/org/bank_avangard/1229128469/,"Банк, обмен валюты"
1902829130,Банк Авангард,"Митинская ул., 53, Москва, Супермаркет Лента",4.2,"4,2",126,126 оценок,Открыто до 21:15,55.853128,37.351439,"37.351439,55.853128",https://yandex.ru/maps/org/bank_avangard/1902829130/,"Банк, обмен валюты"
1032730434,Далена банк,"Пестовский пер., 5, Москва, этаж 1",4.2,"4,2",68,68 оценок,Открыто до 18:00,55.745531,37.659279,"37.659279,55.745531",https://yandex.ru/maps/org/dalena_bank/1032730434/,"Банк, обмен валюты"
184012563636,Банк Авангард,"Можайское ш., 159, Одинцово, этаж 1",4.0,"4,0",172,172 оценки,Открыто до 21:00,55.686518,37.305669,"37.305669,55.686518",https://yandex.ru/maps/org/bank_avangard/184012563636/,"Банк, обмен валюты"
1129756856,Раунд,"Рублёвское ш., 28, Москва",4.0,"4,0",288,288 оценок,Открыто до 18:00,55.747976,37.425569,"37.425569,55.747976",https://yandex.ru/maps/org/raund/1129756856/,"Банк, обмен валюты"
1126238700,СберБанк,"ул. Лихоборские Бугры, 8, Москва",4.7,"4,7",1151,1151 оценка,Открыто до 19:00,55.843001,37.547587,"37.547587,55.843001",https://yandex.ru/maps/org/sberbank/1126238700/,"Банк, обмен валюты"
83533667781,Крокус-Банк,"Международная ул., 18, Красногорск",4.3,"4,3",41,41 оценка,До открытия 1 мин,55.824741,37.386263,"37.386263,55.824741",https://yandex.ru/maps/org/krokus_bank/83533667781/,"Банк, обмен валюты"
1199958836,Банк МБА-Москва,"Тверская ул., 6, стр. 2, Москва, офис «Тверская»",4.3,"4,3",201,201 оценка,Открыто до 17:00,55.761429,37.610205,"37.610205,55.761429",https://yandex.ru/maps/org/bank_mba_moskva/1199958836/,"Банк, обмен валюты"
1110576565,СберБанк,"Парковая ул., 3, Апрелевка, помещение 1",4.8,"4,8",797,797 оценок,Открыто до 18:00,55.553621,37.072859,"37.072859,55.553621",https://yandex.ru/maps/org/sberbank/1110576565/,"Банк, обмен валюты"
1693538883,Юнистрим,"ул. Перерва, 56/2, Москва",3.7,"3,7",18,18 оценок,Открыто до 20:00,55.657981,37.747726,"37.747726,55.657981",https://yandex.ru/maps/org/yunistrim/1693538883/,"Обмен валюты, денежные переводы"
1000748776,Банк Авангард,"Люблинская ул., 153, Москва, Гипермаркет Ашан, ТРЦ ЛЮБЛЮ МОЛЛ",4.1,"4,1",103,103 оценки,Открыто до 22:00,55.658188,37.741525,"37.741525,55.658188",https://yandex.ru/maps/org/bank_avangard/1000748776/,"Банк, обмен валюты"
107971138619,Швейцарский франк,"ул. Барклая, 6, Москва",5.0,"5,0",36,36 оценок,Открыто до 19:00,55.740674,37.503935,"37.503935,55.740674",https://yandex.ru/maps/org/shveytsarskiy_frank/107971138619/,"Обмен валюты, нумизматика и бонистика"
225885921990,Мили,"Пресненская наб., 12, Москва",4.8,"4,8",18,18 оценок,Открыто до 21:00,55.749633,37.537434,"37.537434,55.749633",https://yandex.ru/maps/org/mili/225885921990/,"Обмен валюты, электронная коммерция"
1120787601,Банк Авангард,"ул. Академика Варги, 8, корп. 1, Москва, универмаг Хц Лейпциг",4.2,"4,2",104,104 оценки,Открыто до 21:30,55.629988,37.4748,"37.474800,55.629988",https://yandex.ru/maps/org/bank_avangard/1120787601/,"Банк, обмен валюты"
1123277529,Банк МБА-Москва,,4.3,"4,3",110,110 оценок,Открыто до 17:00,55.757124,37.568399,"37.568399,55.757124",https://yandex.ru/maps/org/bank_mba_moskva/1123277529/,"Банк, обмен валюты"
1031053492,Далена банк,"ш. Энтузиастов, 17, Москва, этаж 1",4.2,"4,2",195,195 оценок,Открыто до 18:00,55.753249,37.723329,"37.723329,55.753249",https://yandex.ru/maps/org/dalena_bank/1031053492/,"Банк, обмен валюты"
1013484616,Реалист банк,"Кадашёвская наб., 26, Москва",4.4,"4,4",286,286 оценок,Открыто до 18:00,55.745051,37.622089,"37.622089,55.745051",https://yandex.ru/maps/org/realist_bank/1013484616/,"Банк, обмен валюты"
168475607323,Операционная касса,"Профсоюзная ул., 104/47, Москва",4.6,"4,6",188,188 оценок,Круглосуточно,55.643593,37.525343,"37.525343,55.643593",https://yandex.ru/maps/org/operatsionnaya_kassa/168475607323/,Обмен валюты
1020701378,Банк Авангард,"Профсоюзная ул., 129А, Москва, ТК Принц Плаза, этаж -1",4.3,"4,3",67,67 оценок,Открыто до 22:00,55.61813,37.507484,"37.507484,55.618130",https://yandex.ru/maps/org/bank_avangard/1020701378/,"Банк, обмен валюты"
1378721600,Банк Авангард,"Путилковское ш., 117, п. г. т. Путилково",4.2,"4,2",80,80 оценок,Открыто до 22:00,55.864183,37.397822,"37.397822,55.864183",https://yandex.ru/maps/org/bank_avangard/1378721600/,"Банк, обмен валюты"
1061982430,Банк Авангард,"Рязанский просп., 30, корп. 2, Москва, ТЦ Рязанский",3.9,"3,9",97,97 оценок,Открыто до 21:15,55.71809,37.7843,"37.784300,55.718090",https://yandex.ru/maps/org/bank_avangard/1061982430/,"Банк, обмен валюты"
173042397515,Банк Глобус,"2-я Рейсовая ул., 2, корп. 5, посёлок Внуково, этаж 1",4.1,"4,1",43,43 оценки,Круглосуточно,55.606183,37.286337,"37.286337,55.606183",https://yandex.ru/maps/org/bank_globus/173042397515/,"Банк, обмен валюты"
88144155689,Банк Авангард,"ул. Никитина, 2, Московский, этаж 1",4.4,"4,4",108,108 оценок,Открыто до 21:15,55.604233,37.356866,"37.356866,55.604233",https://yandex.ru/maps/org/bank_avangard/88144155689/,"Банк, обмен валюты"
224222098926,Банк ДОМ.РФ,"ул. Космонавтов, 4, Москва",4.6,"4,6",848,848 оценок,Открыто до 20:00,55.820892,37.646229,"37.646229,55.820892",https://yandex.ru/maps/org/bank_dom_rf/224222098926/,"Банк, обмен валюты"
137665098779,Московский кредитный банк,"Судостроительная ул., 1, Москва",4.1,"4,1",224,224 оценки,Открыто до 20:00,55.680174,37.666566,"37.666566,55.680174",https://yandex.ru/maps/org/moskovskiy_kreditny_bank/137665098779/,"Банк, обмен валюты"
50661495924,Промсельхозбанк,"Успенский пер., 3, стр. 2, Москва",4.4,"4,4",34,34 оценки,Открыто до 17:00,55.769403,37.606535,"37.606535,55.769403",https://yandex.ru/maps/org/promselkhozbank/50661495924/,"Обмен валюты, точка банковского обслуживания"
222085872753,Zeon Exchange,"Пресненская наб., 12, Москва",4.7,"4,7",20,20 оценок,Открыто до 22:00,55.749554,37.536307,"37.536307,55.749554",https://yandex.ru/maps/org/zeon_exchange/222085872753/,"Обмен валюты, электронная коммерция"
239974259738,Банк Кремлевский,"ул. Сущёвский Вал, 74, Москва, помещение 1, комната 11",4.3,"4,3",21,21 оценка,Открыто до 03:00,55.791287,37.632601,"37.632601,55.791287",https://yandex.ru/maps/org/bank_kremlevskiy/239974259738/,"Банк, обмен валюты"
1133836910,СберБанк,"Измайловский просп., 61, Москва",4.5,"4,5",1018,1018 оценок,Открыто до 20:00,55.788811,37.783703,"37.783703,55.788811",https://yandex.ru/maps/org/sberbank/1133836910/,"Банк, обмен валюты"
1060621868,Социум банк,"Ленинградский просп., 80, корп. 16, Москва, этаж 1",4.4,"4,4",153,153 оценки,Открыто до 19:00,55.807202,37.510471,"37.510471,55.807202",https://yandex.ru/maps/org/sotsium_bank/1060621868/,"Банк, обмен валюты"
1273312633,Крокус банк,"МКАД, 24-й километр, 1, посёлок Совхоза имени Ленина",4.2,"4,2",96,96 оценок,Открыто до 21:45,55.585326,37.724822,"37.724822,55.585326",https://yandex.ru/maps/org/krokus_bank/1273312633/,"Банк, обмен валюты"
1043802489,Банк Авангард,"Пролетарский просп., 19, корп. 1, Москва, Супермаркет Перекресток",4.2,"4,2",134,134 оценки,Открыто до 21:15,55.641182,37.655966,"37.655966,55.641182",https://yandex.ru/maps/org/bank_avangard/1043802489/,"Банк, обмен валюты"
1044188669,Банк Глобус,"ул. Бахрушина, 10, стр. 1, Москва",4.3,"4,3",240,240 оценок,Открыто до 18:30,55.736047,37.634632,"37.634632,55.736047",https://yandex.ru/maps/org/bank_globus/1044188669/,"Банк, обмен валюты"
147863796564,Банк Финам,"Ленинградское ш., 94, корп. 1, Москва, этаж 1",3.7,"3,7",4,4 оценки,Открыто до 20:30,55.855832,37.470325,"37.470325,55.855832",https://yandex.ru/maps/org/bank_finam/147863796564/,"Банк, обмен валюты"
240816334213,Банк Авангард,"ул. Генерала Кузнецова, 22, Москва, ТЦ Миля",3.9,"3,9",61,61 оценка,До перерыва 30 мин,55.686098,37.85331,"37.853310,55.686098",https://yandex.ru/maps/org/bank_avangard/240816334213/,"Банк, обмен валюты"
115947034872,Акибанк,,4.1,"4,1",82,82 оценки,Открыто до 18:00,55.786711,37.640891,"37.640891,55.786711",https://yandex.ru/maps/org/akibank/115947034872/,"Банк, обмен валюты"
1115658650,Абсолют Банк,"Сокольническая площадь, 4к1-2, Москва, этаж 1",4.1,"4,1",90,90 оценок,Открыто до 19:00,55.789283,37.678444,"37.678444,55.789283",https://yandex.ru/maps/org/absolyut_bank/1115658650/,"Банк, обмен валюты"
1382659662,Банк Авангард,"Рязанский просп., 2, корп. 2, Москва, этаж 1",3.4,"3,4",56,56 оценок,До перерыва 30 мин,55.729873,37.730437,"37.730437,55.729873",https://yandex.ru/maps/org/bank_avangard/1382659662/,"Банк, обмен валюты"
59965780054,Ex24pro,"Пресненская наб., 10, Москва",,,,,Открыто до 20:00,55.746593,37.53738,"37.537380,55.746593",https://yandex.ru/maps/org/ex24pro/59965780054/,"Обмен валюты, денежные переводы"
173291393213,Ветхие доллары,"Тихорецкий бул., 1, стр. 6, Москва",4.3,"4,3",8,8 оценок,Открыто до 20:00,55.673579,37.780522,"37.780522,55.673579",https://yandex.ru/maps/org/vetkhiye_dollary/173291393213/,Обмен валюты
1354321140,Развитие-Столица,"Нижний Сусальный пер., 5, стр. 15, Москва, этаж 1",4.2,"4,2",41,41 оценка,Открыто до 18:00,55.758641,37.664539,"37.664539,55.758641",https://yandex.ru/maps/org/razvitiye_stolitsa/1354321140/,"Банк, обмен валюты"
239057336666,Банк Авангард,"ул. Зои и Александра Космодемьянских, 23, Москва, ТЦ Рассвет",3.9,"3,9",22,22 оценки,До перерыва 30 мин,55.82398,37.518203,"37.518203,55.823980",https://yandex.ru/maps/org/bank_avangard/239057336666/,"Банк, обмен валюты"
1220795292,Абсолют банк,"Воронцовская ул., 35Б, корп. 2, Москва",4.1,"4,1",137,137 оценок,Открыто до 20:00,55.73403,37.66353,"37.663530,55.734030",https://yandex.ru/maps/org/absolyut_bank/1220795292/,"Банк, обмен валюты"
1133835985,Евроальянс,"ул. Кузнецкий Мост, 21/5, Москва, подъезд 2",4.0,"4,0",37,37 оценок,До закрытия 30 мин,55.762142,37.626979,"37.626979,55.762142",https://yandex.ru/maps/org/yevroalyans/1133835985/,"Банк, обмен валюты"
1079686497,Банк Авангард,"Вешняковская ул., 17А, Москва, этаж 1",4.4,"4,4",127,127 оценок,До перерыва 30 мин,55.734637,37.830815,"37.830815,55.734637",https://yandex.ru/maps/org/bank_avangard/1079686497/,"Банк, обмен валюты"
124346658280,Кредит Европа банк,"Волгоградский просп., 94, корп. 1, Москва, станция метро Кузьминки",4.1,"4,1",186,186 оценок,Открыто до 18:00,55.704164,37.771461,"37.771461,55.704164",https://yandex.ru/maps/org/kredit_yevropa_bank/124346658280/,"Банк, обмен валюты"
1403544689,Банк Авангард,"Грохольский пер., 29, корп. 1, Москва",4.3,"4,3",365,365 оценок,Открыто до 20:00,55.777722,37.643507,"37.643507,55.777722",https://yandex.ru/maps/org/bank_avangard/1403544689/,"Банк, обмен валюты"
133962122854,Совкомбанк,"Азовская ул., 25, корп. 1, Москва, помещение 4",4.3,"4,3",605,605 оценок,Открыто до 20:00,55.651573,37.598877,"37.598877,55.651573",https://yandex.ru/maps/org/sovkombank/133962122854/,"Банк, обмен валюты"
1264778188,Банк Авангард,"Дубнинская ул., 30, Москва, ТЦ Петровский",4.1,"4,1",148,148 оценок,До перерыва 30 мин,55.877206,37.558731,"37.558731,55.877206",https://yandex.ru/maps/org/bank_avangard/1264778188/,"Банк, обмен валюты"
1021725430,Банк Уралсиб,"Люблинская ул., 175, Москва, этаж 1",4.0,"4,0",420,420 оценок,Открыто до 20:00,55.645653,37.747192,"37.747192,55.645653",https://yandex.ru/maps/org/bank_uralsib/1021725430/,"Банк, обмен валюты"
11200527580,Кошелев-Банк,"Новослободская ул., 57/65, Москва",3.7,"3,7",26,26 оценок,Открыто до 19:00,55.788312,37.591871,"37.591871,55.788312",https://yandex.ru/maps/org/koshelev_bank/11200527580/,"Банк, обмен валюты"
1104589509,СберБанк,"ул. Архитектора Власова, 39, Москва",4.4,"4,4",660,660 оценок,Открыто до 18:30,55.668699,37.543907,"37.543907,55.668699",https://yandex.ru/maps/org/sberbank/1104589509/,"Банк, обмен валюты"
1124282783,Банк Авангард,"Измайловское ш., 71А, Москва, этаж 0",3.6,"3,6",68,68 оценок,До перерыва 30 мин,55.78964,37.752217,"37.752217,55.789640",https://yandex.ru/maps/org/bank_avangard/1124282783/,"Банк, обмен валюты"
1100986746,СберБанк,"Советская ул., 34А, Видное",4.9,"4,9",2248,2248 оценок,Открыто до 18:00,55.548451,37.701602,"37.701602,55.548451",https://yandex.ru/maps/org/sberbank/1100986746/,"Банк, обмен валюты"
1232723322,СберБанк,"Большая Черкизовская ул., 5, корп. 1, Москва",4.3,"4,3",788,788 оценок,Открыто до 19:30,55.797442,37.720735,"37.720735,55.797442",https://yandex.ru/maps/org/sberbank/1232723322/,"Банк, обмен валюты"
1042742675,Банк Авангард,"ул. Адмирала Лазарева, 2, Москва, этаж 1",4.1,"4,1",144,144 оценки,До перерыва 30 мин,55.546873,37.54358,"37.543580,55.546873",https://yandex.ru/maps/org/bank_avangard/1042742675/,"Банк, обмен валюты"
1080560861,"Алеф-Банк, отделение","Молдавская ул., 5, Москва",4.2,"4,2",232,232 оценки,Открыто до 17:30,55.731875,37.435364,"37.435364,55.731875",https://yandex.ru/maps/org/alef_bank_otdeleniye/1080560861/,"Банк, обмен валюты"
244587647965,Космос,"Тверская ул., 19А, Москва",4.3,"4,3",19,19 оценок,Открыто до 21:30,55.765936,37.602671,"37.602671,55.765936",https://yandex.ru/maps/org/kosmos/244587647965/,"Обмен валюты, банк"
33717271041,Банк Авангард,"Алтуфьевское ш., 95, Москва, этаж 1",4.1,"4,1",145,145 оценок,До перерыва 30 мин,55.901955,37.585628,"37.585628,55.901955",https://yandex.ru/maps/org/bank_avangard/33717271041/,"Банк, обмен валюты"
104346906736,Обменник Криптовалют,"Пресненская наб., 10, стр. 2, Москва, этаж 9",4.6,"4,6",69,69 оценок,Открыто до 22:00,55.747216,37.534643,"37.534643,55.747216",https://yandex.ru/maps/org/obmennik_kriptovalyut/104346906736/,"Обмен валюты, банк"
1237964541,СберБанк,"Профсоюзная ул., 115, корп. 1, Москва",4.4,"4,4",690,690 оценок,Открыто до 18:00,55.631054,37.519329,"37.519329,55.631054",https://yandex.ru/maps/org/sberbank/1237964541/,"Банк, обмен валюты"
1024918157,СберБанк,"Алтайская ул., 4, Москва",4.6,"4,6",1150,1150 оценок,Открыто до 20:00,55.819677,37.8022,"37.802200,55.819677",https://yandex.ru/maps/org/sberbank/1024918157/,"Банк, обмен валюты"
1053654063,Банк Авангард,"Алтуфьевское ш., 8, Москва, ТЦ Алтуфьевский",4.3,"4,3",112,112 оценок,До перерыва 30 мин,55.852809,37.585817,"37.585817,55.852809",https://yandex.ru/maps/org/bank_avangard/1053654063/,"Банк, обмен валюты"
1185631947,Ланта-Банк,"Новая Басманная ул., 35, стр. 1, Москва",4.2,"4,2",29,29 оценок,Открыто до 18:00,55.769828,37.667148,"37.667148,55.769828",https://yandex.ru/maps/org/lanta_bank/1185631947/,"Банк, обмен валюты"
104715410609,BtcDeal,"Пресненская наб., 8, стр. 1, Москва",,,,,Открыто до 21:00,55.747206,37.538539,"37.538539,55.747206",https://yandex.ru/maps/org/btcdeal/104715410609/,Обмен валюты
228599411469,Локо-Банк,"ул. Менжинского, 38, корп. 1, стр. 2, Москва",3.9,"3,9",298,298 оценок,Открыто до 19:00,55.870352,37.662014,"37.662014,55.870352",https://yandex.ru/maps/org/loko_bank/228599411469/,"Банк, обмен валюты"
1226249539,СберБанк,"Лётная ул., 40, Мытищи",4.6,"4,6",592,592 оценки,Открыто до 18:30,55.903754,37.711825,"37.711825,55.903754",https://yandex.ru/maps/org/sberbank/1226249539/,"Банк, обмен валюты"
126237865310,Prosto Exchange,"Пресненская наб., 12, Москва",4.9,"4,9",21,21 оценка,Открыто до 18:00,55.749633,37.537434,"37.537434,55.749633",https://yandex.ru/maps/org/prosto_exchange/126237865310/,"Обмен валюты, электронная коммерция"
195743966550,Mbex,"Пресненская наб., 12, Москва",4.5,"4,5",10,10 оценок,Круглосуточно,55.749633,37.537434,"37.537434,55.749633",https://yandex.ru/maps/org/mbex/195743966550/,"Обмен валюты, электронная коммерция"
137298334754,Ветхие доллары,"Пресненская наб., 10, стр. 2, Москва",4.3,"4,3",5,5 оценок,Открыто до 19:00,55.747865,37.535592,"37.535592,55.747865",https://yandex.ru/maps/org/vetkhiye_dollary/137298334754/,Обмен валюты
56246585038,Дарвус х Троп,"1-й Колобовский пер., 8, Москва",4.6,"4,6",15,15 оценок,Открыто до 22:00,55.768862,37.615414,"37.615414,55.768862",https://yandex.ru/maps/org/darvus_kh_trop/56246585038/,"Обмен валюты, криптомат"
175132392207,Fork Exchange,"Пресненская наб., 8, стр. 1, Москва",4.3,"4,3",7,7 оценок,Открыто до 19:00,55.747115,37.539087,"37.539087,55.747115",https://yandex.ru/maps/org/fork_exchange/175132392207/,"Обмен валюты, электронная коммерция"
53656470655,Локо-Банк,"Марксистская ул., 1, корп. 1, Москва",4.1,"4,1",414,414 оценок,Открыто до 19:00,55.740189,37.658301,"37.658301,55.740189",https://yandex.ru/maps/org/loko_bank/53656470655/,"Банк, обмен валюты"
1091817486,Национальный инвестиционно-промышленный банк,"Дмитровское ш., 110, стр. 3, Москва, м. ""Селигерская"", ""Алтуфьево"" ""Лианозовская"", этаж 1",3.9,"3,9",27,27 оценок,Открыто до 18:00,55.894157,37.543714,"37.543714,55.894157",https://yandex.ru/maps/org/natsionalny_investitsionno_promyshlenny_bank/1091817486/,"Банк, обмен валюты"
63790671625,Центр-валют,"Багратионовский пр., 7, корп. 2, Москва",,,,,Открыто до 19:00,55.74186,37.501079,"37.501079,55.741860",https://yandex.ru/maps/org/tsentr_valyut/63790671625/,"Обмен валюты, нумизматика и бонистика"
1031872445,Банк Авангард,"Кустанайская ул., 6, Москва, ТЦ Столица",4.2,"4,2",160,160 оценок,До перерыва 30 мин,55.619574,37.752149,"37.752149,55.619574",https://yandex.ru/maps/org/bank_avangard/1031872445/,"Банк, обмен валюты"
1010228810,СберБанк,"Пятницкое ш., 25, корп. 1, Москва",4.4,"4,4",941,941 оценка,Открыто до 20:00,55.848426,37.364964,"37.364964,55.848426",https://yandex.ru/maps/org/sberbank/1010228810/,"Банк, обмен валюты"
118642499156,СберБанк,"1-я Вольская ул., 22, корп. 1, Москва",4.8,"4,8",1969,1969 оценок,Открыто до 19:00,55.683254,37.925625,"37.925625,55.683254",https://yandex.ru/maps/org/sberbank/118642499156/,"Банк, обмен валюты"
1159241969,Банк Авангард,"ул. Побратимов, 7, Люберцы, этаж 1",4.3,"4,3",170,170 оценок,До перерыва 30 мин,55.69259,37.896875,"37.896875,55.692590",https://yandex.ru/maps/org/bank_avangard/1159241969/,"Банк, обмен валюты"
1052453114,Профессионал банк,"Селезнёвская ул., 15А, стр. 1, Москва, Головной офис",4.2,"4,2",66,66 оценок,Открыто до 18:00,55.781478,37.606766,"37.606766,55.781478",https://yandex.ru/maps/org/professional_bank/1052453114/,"Банк, обмен валюты"
30567449541,"Локо-Банк, Private","Ленинградский просп., 39, стр. 80, Москва, этаж 12",4.3,"4,3",173,173 оценки,Открыто до 18:00,55.7967,37.536874,"37.536874,55.796700",https://yandex.ru/maps/org/loko_bank_private/30567449541/,"Банк, обмен валюты"
214498237497,CryptoDeal,"1-й Красногвардейский пр., 21, стр. 1, Москва, этаж 20",4.2,"4,2",31,31 оценка,Открыто до 22:00,55.750061,37.534533,"37.534533,55.750061",https://yandex.ru/maps/org/cryptodeal/214498237497/,"Обмен валюты, электронная платёжная система"
25671134689,Банк Авангард,"ул. Миклухо-Маклая, 32А, Москва, этаж 1",4.0,"4,0",41,41 оценка,До перерыва 30 мин,55.640933,37.530669,"37.530669,55.640933",https://yandex.ru/maps/org/bank_avangard/25671134689/,"Банк, обмен валюты"
1195578875,Юнистрим,"Дмитровское ш., 89, Москва, этаж -1",2.7,"2,7",19,19 оценок,Открыто до 22:00,55.863668,37.545824,"37.545824,55.863668",https://yandex.ru/maps/org/yunistrim/1195578875/,"Обмен валюты, денежные переводы"
9424478193,Банк Авангард,"ш. Энтузиастов, 80, Балашиха, Гипермаркет Лента",4.2,"4,2",143,143 оценки,До перерыва 30 мин,55.798056,37.985143,"37.985143,55.798056",https://yandex.ru/maps/org/bank_avangard/9424478193/,"Банк, обмен валюты"
1090931917,Банк Авангард,"Ключевая ул., 6, корп. 1, Москва, этаж 1",4.2,"4,2",78,78 оценок,До перерыва 30 мин,55.637565,37.757707,"37.757707,55.637565",https://yandex.ru/maps/org/bank_avangard/1090931917/,"Банк, обмен валюты"
36883578507,Ветхая валюта,"просп. Андропова, 26, Москва",3.1,"3,1",7,7 оценок,Больше не работает,55.680725,37.662902,"37.662902,55.680725",https://yandex.ru/maps/org/vetkhaya_valyuta/36883578507/,Обмен валюты
204142061892,Банк Кремлевский,"ул. Петровка, 11, Москва, этаж 1, комната 43",3.9,"3,9",30,30 оценок,Открыто до 03:00,55.76298,37.617192,"37.617192,55.762980",https://yandex.ru/maps/org/bank_kremlevskiy/204142061892/,"Банк, обмен валюты"
158235684859,А7 Финансы - ПСБ,"Нижняя Красносельская ул., 45/17, Москва",4.1,"4,1",5,5 оценок,Открыто до 20:00,55.772806,37.676121,"37.676121,55.772806",https://yandex.ru/maps/org/a7_finansy_psb/158235684859/,Обмен валюты
1025324746,СберБанк,"Борисовский пр., 11, корп. 1, стр. 2, Москва",4.3,"4,3",658,658 оценок,Открыто до 18:30,55.626691,37.722196,"37.722196,55.626691",https://yandex.ru/maps/org/sberbank/1025324746/,"Банк, обмен валюты"
234539403439,Банк Авангард,"Носовихинское ш., 45, Реутов, этаж 2",4.0,"4,0",67,67 оценок,До перерыва 30 мин,55.751859,37.8865,"37.886500,55.751859",https://yandex.ru/maps/org/bank_avangard/234539403439/,"Банк, обмен валюты"
1024295664,Банк Авангард,"Саянская ул., 8А, Москва, этаж 1",4.1,"4,1",127,127 оценок,До перерыва 30 мин,55.767017,37.829343,"37.829343,55.767017",https://yandex.ru/maps/org/bank_avangard/1024295664/,"Банк, обмен валюты"
113875058151,Банк Авангард,"Варшавское ш., 87Б, Москва, ТЦ Варшавский",3.8,"3,8",31,31 оценка,До перерыва 30 мин,55.653644,37.620698,"37.620698,55.653644",https://yandex.ru/maps/org/bank_avangard/113875058151/,"Банк, обмен валюты"
1078386858,Национальный инвестиционно-промышленный банк,"2-й Неопалимовский пер., 10, Москва, этаж 1",4.2,"4,2",45,45 оценок,Открыто до 18:00,55.740036,37.582452,"37.582452,55.740036",https://yandex.ru/maps/org/natsionalny_investitsionno_promyshlenny_bank/1078386858/,"Банк, обмен валюты"
46505363405,Банк РМП,"Преображенская ул., 2, корп. 1, Москва, этаж 1",3.8,"3,8",38,38 оценок,Открыто до 18:00,55.79503,37.706215,"37.706215,55.795030",https://yandex.ru/maps/org/bank_rmp/46505363405/,"Банк, обмен валюты"
74651646601,Skynet Group,"Пресненская наб., 12, Москва, ЖК Башня Федерация, этаж 52",4.6,"4,6",12,12 оценок,Открыто до 20:00,55.749633,37.537434,"37.537434,55.749633",https://yandex.ru/maps/org/skynet_group/74651646601/,"Обмен валюты, денежные переводы"
28931414317,Криптообменник,"Сельскохозяйственная ул., 17, корп. 1, Москва",4.9,"4,9",19,19 оценок,Открыто до 22:00,55.837414,37.636392,"37.636392,55.837414",https://yandex.ru/maps/org/kriptoobmennik/28931414317/,Электронная коммерция
89982749497,Банк Авангард,"Коммунальная ул., 1, Королёв, Гипермаркет Глобус",4.1,"4,1",154,154 оценки,До перерыва 30 мин,55.915676,37.845684,"37.845684,55.915676",https://yandex.ru/maps/org/bank_avangard/89982749497/,"Банк, обмен валюты"
1249288458,Совкомбанк,"ул. Менжинского, 21, Москва",4.1,"4,1",579,579 оценок,Открыто до 21:00,55.868835,37.66744,"37.667440,55.868835",https://yandex.ru/maps/org/sovkombank/1249288458/,"Банк, обмен валюты"
18871510756,Фунты стерлингов,"ул. Барклая, 6, Москва",4.9,"4,9",28,28 оценок,Открыто до 19:00,55.740674,37.503935,"37.503935,55.740674",https://yandex.ru/maps/org/funty_sterlingov/18871510756/,"Обмен валюты, нумизматика и бонистика"
214318818227,Совкомбанк,"Октябрьский просп., 179/16, Люберцы",4.2,"4,2",633,633 оценки,Открыто до 21:00,55.679726,37.894974,"37.894974,55.679726",https://yandex.ru/maps/org/sovkombank/214318818227/,"Банк, обмен валюты"
88246416629,Обмен валют,"ул. Академика Королёва, 3, Москва",3.1,"3,1",36,36 оценок,Открыто до 20:00,55.821014,37.631459,"37.631459,55.821014",https://yandex.ru/maps/org/obmen_valyut/88246416629/,Обмен валюты
1069822406,Абсолют банк,"Бакунинская ул., 23-41, Москва",4.3,"4,3",94,94 оценки,Открыто до 19:00,55.775655,37.683588,"37.683588,55.775655",https://yandex.ru/maps/org/absolyut_bank/1069822406/,"Банк, обмен валюты"
178501251787,Банк Авангард,"МКАД, 66-й километр, 1, Москва, Ашан Строгино",3.0,"3,0",53,53 оценки,До перерыва 30 мин,55.81034,37.383949,"37.383949,55.810340",https://yandex.ru/maps/org/bank_avangard/178501251787/,"Банк, обмен валюты"
1027778874,Райффайзенбанк,"Лермонтовский просп., 6, Москва, отделение жулебино",4.3,"4,3",1153,1153 оценки,Открыто до 19:00,55.702574,37.84838,"37.848380,55.702574",https://yandex.ru/maps/org/rayffayzenbank/1027778874/,"Банк, обмен валюты"
1076957244,Банк Авангард,"Рублёвское ш., 62, Москва, этаж 1",4.1,"4,1",75,75 оценок,До перерыва 30 мин,55.766789,37.380249,"37.380249,55.766789",https://yandex.ru/maps/org/bank_avangard/1076957244/,"Банк, обмен валюты"
182482909564,Км Профильный банк,"Садовая-Спасская ул., 28, Москва",3.8,"3,8",3,3 оценки,Открыто до 18:00,55.768728,37.647858,"37.647858,55.768728",https://yandex.ru/maps/org/km_profilny_bank/182482909564/,"Банк, обмен валюты"
121042919177,Tex Exchange,"Краснопресненская наб., 12, Москва",,,,,Круглосуточно,55.754203,37.556388,"37.556388,55.754203",https://yandex.ru/maps/org/tex_exchange/121042919177/,"Обмен валюты, криптомат"
1113426304,Банк Авангард,"Хабаровская ул., 15, Москва, этаж 1",4.1,"4,1",156,156 оценок,До перерыва 30 мин,55.822493,37.823358,"37.823358,55.822493",https://yandex.ru/maps/org/bank_avangard/1113426304/,"Банк, обмен валюты"
31841478277,Операционная касса,"площадь Киевского Вокзала, 2, Москва, этаж 1",3.8,"3,8",15,15 оценок,Открыто до 22:00,55.74488,37.565011,"37.565011,55.744880",https://yandex.ru/maps/org/operatsionnaya_kassa/31841478277/,Обмен валюты
219469257175,Банк Авангард,"Новорязанское ш., 7, Люберцы, этаж 1",4.1,"4,1",43,43 оценки,До перерыва 30 мин,55.669929,37.871344,"37.871344,55.669929",https://yandex.ru/maps/org/bank_avangard/219469257175/,"Банк, обмен валюты"
224961360080,Банк Авангард,"просп. Андропова, 8, Москва, ТРЦ Мегаполис",3.4,"3,4",44,44 оценки,До перерыва 30 мин,55.695519,37.665562,"37.665562,55.695519",https://yandex.ru/maps/org/bank_avangard/224961360080/,"Банк, обмен валюты"
67082639825,Новый Московский банк,"площадь Киевского Вокзала, 2, Москва, подъезд 2, этаж 1",,,,,Открыто до 22:00,55.744091,37.564763,"37.564763,55.744091",https://yandex.ru/maps/org/novy_moskovskiy_bank/67082639825/,Обмен валюты
9255962367,Банк Авангард,"Осташковское ш., 1, Мытищи",4.0,"4,0",50,50 оценок,До перерыва 30 мин,55.89699,37.665949,"37.665949,55.896990",https://yandex.ru/maps/org/bank_avangard/9255962367/,"Банк, обмен валюты"
85436293909,Банк Авангард,"Олимпийская ул., 6, корп. 1, Видное, этаж 1",4.3,"4,3",54,54 оценки,До перерыва 30 мин,55.545212,37.699294,"37.699294,55.545212",https://yandex.ru/maps/org/bank_avangard/85436293909/,"Банк, обмен валюты"
142469507173,Юнистрим,"Новоухтомское ш., 2А, Москва, комната № 278",4.0,"4,0",36,36 оценок,Открыто до 21:30,55.714106,37.845242,"37.845242,55.714106",https://yandex.ru/maps/org/yunistrim/142469507173/,"Банк, обмен валюты"
129424873843,Банк Авангард,"Зелёный просп., 62А, Москва, этаж -1",4.2,"4,2",104,104 оценки,До перерыва 30 мин,55.750692,37.820603,"37.820603,55.750692",https://yandex.ru/maps/org/bank_avangard/129424873843/,"Банк, обмен валюты"
149941187072,Банк Авангард,"ул. Дыбенко, 7/1, Москва, ТЦ «Дискавери»",4.3,"4,3",51,51 оценка,До перерыва 30 мин,55.878662,37.479251,"37.479251,55.878662",https://yandex.ru/maps/org/bank_avangard/149941187072/,"Банк, обмен валюты"
116513912032,Банк ДОМ.РФ,"Семёновская наб., 3/1к6, Москва",4.3,"4,3",1400,1400 оценок,Закрыто до завтра,55.779998,37.706006,"37.706006,55.779998",https://yandex.ru/maps/org/bank_dom_rf/116513912032/,"Банк, обмен валюты"
23154486332,Юнистрим,"Вешняковская ул., 18Б, Москва",4.3,"4,3",5,5 оценок,До открытия 30 мин,55.722725,37.824041,"37.824041,55.722725",https://yandex.ru/maps/org/yunistrim/23154486332/,"Банк, обмен валюты"
102908975856,Совкомбанк,"Николоямская ул., 36, стр. 1, Москва",4.2,"4,2",109,109 оценок,Открыто до 18:00,55.747019,37.657763,"37.657763,55.747019",https://yandex.ru/maps/org/sovkombank/102908975856/,"Банк, обмен валюты"
46423895038,Банк Авангард,"Новокуркинское ш., 1, Москва, этаж 1",4.1,"4,1",118,118 оценок,До перерыва 30 мин,55.885154,37.406598,"37.406598,55.885154",https://yandex.ru/maps/org/bank_avangard/46423895038/,"Банк, обмен валюты"
1044072668,Банк УРАЛСИБ,"ул. Маяковского, 23, Химки",3.8,"3,8",482,482 оценки,Открыто до 19:00,55.891582,37.438292,"37.438292,55.891582",https://yandex.ru/maps/org/bank_uralsib/1044072668/,"Банк, обмен валюты"
142690425253,Банк Авангард,"Москва, Новомосковский административный округ, район Внуково, улица Корнея Чуковского, 2, стр. 1, этаж 1",3.9,"3,9",37,37 оценок,До перерыва 30 мин,55.634762,37.334382,"37.334382,55.634762",https://yandex.ru/maps/org/bank_avangard/142690425253/,"Банк, обмен валюты"
3499613123,Банк Агора,"2-й Троицкий пер., 3, Москва",4.3,"4,3",172,172 оценки,Открыто до 17:00,55.775485,37.622205,"37.622205,55.775485",https://yandex.ru/maps/org/bank_agora/3499613123/,"Банк, обмен валюты"
137480829887,Банк Авангард,"МКАД, 47-й километр, вл31с1, Москва, этаж 1",4.0,"4,0",33,33 оценки,До перерыва 30 мин,55.659296,37.43046,"37.430460,55.659296",https://yandex.ru/maps/org/bank_avangard/137480829887/,"Банк, обмен валюты"
158857222144,ТКБ,"просп. Мира, 3, корп. 1, Москва",4.1,"4,1",17,17 оценок,Открыто до 20:00,55.773812,37.632036,"37.632036,55.773812",https://yandex.ru/maps/org/tkb/158857222144/,"Банк, обмен валюты"
170360915505,СберБанк,"МКАД, 24-й километр, 1, посёлок Совхоза имени Ленина, этаж 1",4.3,"4,3",163,163 оценки,Открыто до 17:45,55.585528,37.724313,"37.724313,55.585528",https://yandex.ru/maps/org/sberbank/170360915505/,"Банк, обмен валюты"
1017345598,СберБанк,"Жулебинский бул., 28, корп. 1, Москва",4.6,"4,6",1133,1133 оценки,Открыто до 19:00,55.689979,37.854541,"37.854541,55.689979",https://yandex.ru/maps/org/sberbank/1017345598/,"Банк, обмен валюты"
245160767628,Старые фунты стерлингов,"Никольская ул., 15, стр. 1, Москва",4.7,"4,7",12,12 оценок,Открыто до 21:00,55.757349,37.622441,"37.622441,55.757349",https://yandex.ru/maps/org/staryye_funty_sterlingov/245160767628/,Обмен валюты
46661845013,Банк Авангард,"1-й Покровский пр., 5, Котельники, этаж 1",3.8,"3,8",59,59 оценок,До перерыва 30 мин,55.65359,37.843743,"37.843743,55.653590",https://yandex.ru/maps/org/bank_avangard/46661845013/,"Банк, обмен валюты"
33842640944,Агропромкредит,,4.2,"4,2",68,68 оценок,Открыто до 17:00,55.768716,37.632137,"37.632137,55.768716",https://yandex.ru/maps/org/agropromkredit/33842640944/,"Банк, обмен валюты"
47043070900,Банк Центрокредит,"Новорязанское ш., 11/1, Люберцы",4.2,"4,2",27,27 оценок,Открыто до 21:00,55.658093,37.897496,"37.897496,55.658093",https://yandex.ru/maps/org/bank_tsentrokredit/47043070900/,"Банк, обмен валюты"
119460239574,Совкомбанк,"Лермонтовский просп., 10, корп. 1, Москва",4.1,"4,1",406,406 оценок,Открыто до 20:00,55.700557,37.851799,"37.851799,55.700557",https://yandex.ru/maps/org/sovkombank/119460239574/,"Банк, обмен валюты"
117449432847,Екс,"ул. Василисы Кожиной, 13, Москва",4.3,"4,3",15,15 оценок,Открыто до 19:00,55.736067,37.499695,"37.499695,55.736067",https://yandex.ru/maps/org/yeks/117449432847/,Обмен валюты
158280293361,Банк Авангард,"Москва, Южный административный округ, район Чертаново Северное, микрорайон Северное Чертаново, 1А, этаж 1",2.4,"2,4",31,31 оценка,До перерыва 29 мин,55.636757,37.598454,"37.598454,55.636757",https://yandex.ru/maps/org/bank_avangard/158280293361/,"Банк, обмен валюты"
68925581840,Московский кредитный банк,"ул. Лескова, 3Г, Москва, помещение 3/1",4.1,"4,1",402,402 оценки,Открыто до 20:00,55.89873,37.591612,"37.591612,55.898730",https://yandex.ru/maps/org/moskovskiy_kreditny_bank/68925581840/,"Банк, обмен валюты"
1311806339,Банк Авангард,"Видное, 4-й микрорайон, микрорайон Солнечный, 10, этаж 1",4.3,"4,3",105,105 оценок,До перерыва 29 мин,55.551587,37.702591,"37.702591,55.551587",https://yandex.ru/maps/org/bank_avangard/1311806339/,"Банк, обмен валюты"
1867932024,Банк Авангард,"МКАД, 87-й километр, 8, Москва, этаж 1",4.0,"4,0",76,76 оценок,До перерыва 29 мин,55.898777,37.628679,"37.628679,55.898777",https://yandex.ru/maps/org/bank_avangard/1867932024/,"Банк, обмен валюты"
96615249767,Совкомбанк,"Митинская ул., 36, корп. 2, Москва, этаж 1",4.0,"4,0",391,391 оценка,Открыто до 21:00,55.847073,37.362152,"37.362152,55.847073",https://yandex.ru/maps/org/sovkombank/96615249767/,"Банк, обмен валюты"
42437649375,Внешфинбанк,"Ленинградский просп., 78, корп. 1, Москва",,,,,Открыто до 20:00,55.806078,37.512963,"37.512963,55.806078",https://yandex.ru/maps/org/vneshfinbank/42437649375/,"Банк, обмен валюты"
175969456367,Банк Авангард,"ул. 3-е Почтовое Отделение, 53А, микрорайон Городок Б, Люберцы, этаж 2",4.3,"4,3",122,122 оценки,До перерыва 29 мин,55.682256,37.868192,"37.868192,55.682256",https://yandex.ru/maps/org/bank_avangard/175969456367/,"Банк, обмен валюты"
184257352413,Юнистрим,"ул. Третьяка, 8, микрорайон Авиаторов, Балашиха, этаж 2",4.1,"4,1",57,57 оценок,Открыто до 21:30,55.823138,37.951524,"37.951524,55.823138",https://yandex.ru/maps/org/yunistrim/184257352413/,"Обмен валюты, банк"
110532426624,Банк Авангард,"Открытое ш., 4, стр. 1, Москва, ТЦ Янтарь",4.1,"4,1",50,50 оценок,До перерыва 29 мин,55.80909,37.72997,"37.729970,55.809090",https://yandex.ru/maps/org/bank_avangard/110532426624/,"Банк, обмен валюты"
183201833259,Альтернатива,"ул. Земляной Вал, 72, Москва, этаж цокольный",4.2,"4,2",6,6 оценок,Открыто до 19:30,55.744073,37.65453,"37.654530,55.744073",https://yandex.ru/maps/org/alternativa/183201833259/,"Обмен валюты, расчетная небанковская кредитная организация"
1032025976,Славия,"Октябрьский просп., 112, Люберцы",4.3,"4,3",94,94 оценки,Открыто до 17:30,55.685842,37.876132,"37.876132,55.685842",https://yandex.ru/maps/org/slaviya/1032025976/,"Банк, обмен валюты"
162676321112,Банк Авангард,"Химки, микрорайон ИКЕА, 4, ТЦ «Мега Химки»",4.2,"4,2",56,56 оценок,До перерыва 29 мин,55.911155,37.395751,"37.395751,55.911155",https://yandex.ru/maps/org/bank_avangard/162676321112/,"Банк, обмен валюты"
207498804039,MoscoinExchanger,"Пресненская наб., 8, стр. 1, Москва",4.0,"4,0",3,3 оценки,Открыто до 20:00,55.747115,37.539087,"37.539087,55.747115",https://yandex.ru/maps/org/moscoinexchanger/207498804039/,Обмен валюты
243620201357,Трансстройбанк,"Ленинградский просп., 75, корп. 1, Москва, ДО «», офис Сокол",,,,,До перерыва 29 мин,55.805342,37.511082,"37.511082,55.805342",https://yandex.ru/maps/org/transstroybank/243620201357/,"Банк, обмен валюты"
60550091713,Битмонекс,"Пресненская наб., 12, Москва",,,,,Открыто до 22:00,55.749633,37.537434,"37.537434,55.749633",https://yandex.ru/maps/org/bitmoneks/60550091713/,Обмен валюты
173330609497,Waybank,,4.2,"4,2",79,79 оценок,Открыто до 17:00,55.733598,37.627861,"37.627861,55.733598",https://yandex.ru/maps/org/waybank/173330609497/,"Банк, обмен валюты"
173830163719,Космос,"Большая Бронная ул., 7, Москва",4.2,"4,2",26,26 оценок,Открыто до 17:00,55.76122,37.598393,"37.598393,55.761220",https://yandex.ru/maps/org/kosmos/173830163719/,"Банк, обмен валюты"
8099257876,Банк Авангард,"Новоясеневский просп., 7, Москва, ТК «Калита»",4.0,"4,0",7,7 оценок,До перерыва 29 мин,55.607847,37.532579,"37.532579,55.607847",https://yandex.ru/maps/org/bank_avangard/8099257876/,"Банк, обмен валюты"
1280097657,Банк Авангард,"Коммунистическая ул., 1, Мытищи, этаж 1",4.1,"4,1",58,58 оценок,До перерыва 29 мин,55.891492,37.748757,"37.748757,55.891492",https://yandex.ru/maps/org/bank_avangard/1280097657/,"Банк, обмен валюты"
67168587816,Обмен валюты,"Люблинская ул., 165, Москва, этаж 1",3.7,"3,7",17,17 оценок,До перерыва 29 мин,55.650601,37.745735,"37.745735,55.650601",https://yandex.ru/maps/org/obmen_valyuty/67168587816/,Обмен валюты
1005408206,Синко-Банк,"Последний пер., 11, Москва, этаж 1",4.3,"4,3",162,162 оценки,Открыто до 18:00,55.769913,37.627241,"37.627241,55.769913",https://yandex.ru/maps/org/sinko_bank/1005408206/,"Банк, обмен валюты"
188234509300,Банк Авангард,"Тушинская ул., 17, Москва, ТЦ Праздник",2.8,"2,8",21,21 оценка,До перерыва 29 мин,55.826665,37.44479,"37.444790,55.826665",https://yandex.ru/maps/org/bank_avangard/188234509300/,"Банк, обмен валюты"
27530954550,Обмен валюты,"Хорошёвское ш., 84, корп. 1, Москва",,,,,Круглосуточно,55.777845,37.520415,"37.520415,55.777845",https://yandex.ru/maps/org/obmen_valyuty/27530954550/,Обмен валюты
140850558885,Obmen City,"Пресненская наб., 10, стр. 1, Москва",,,,,График работы не указан,55.748908,37.535475,"37.535475,55.748908",https://yandex.ru/maps/org/obmen_city/140850558885/,Обмен валюты
1213962659,Банк Авангард,"Парковая ул., с2, Лыткарино, ТК Весна",4.1,"4,1",62,62 оценки,Открыто до 19:45,55.582014,37.912219,"37.912219,55.582014",https://yandex.ru/maps/org/bank_avangard/1213962659/,"Банк, обмен валюты"
145830293720,Промсельхозбанк,"ул. Малая Дмитровка, 14, стр. 4, Москва",,,,,Открыто до 17:45,55.769898,37.606427,"37.606427,55.769898",https://yandex.ru/maps/org/promselkhozbank/145830293720/,"Банк, обмен валюты"
18103182495,Морской банк,"Полярная ул., 5, корп. 1, Москва, пом. 2/1",,,,,До открытия 28 мин,55.873319,37.636706,"37.636706,55.873319",https://yandex.ru/maps/org/morskoy_bank/18103182495/,Обмен валюты
69747885580,ExCash,"Ломоносовский просп., 14, Москва",,,,,Открыто до 00:00,55.691095,37.542958,"37.542958,55.691095",https://yandex.ru/maps/org/excash/69747885580/,Обмен валюты
1254225142,ЦентроКредит,"Старый Толмачёвский пер., 10, Москва, этаж 1",4.3,"4,3",21,21 оценка,Открыто до 17:45,55.739563,37.630907,"37.630907,55.739563",https://yandex.ru/maps/org/tsentrokredit/1254225142/,"Банк, обмен валюты"
1002929572,Банк Авангард,"Суздальская ул., 12А, Москва, ТЦ На Суздальской, этаж 1",3.9,"3,9",108,108 оценок,До перерыва 28 мин,55.737993,37.846381,"37.846381,55.737993",https://yandex.ru/maps/org/bank_avangard/1002929572/,"Банк, обмен валюты"
90165905299,Vipbtc,"Пресненская наб., 12, Москва",,,,,Открыто до 00:00,55.749511,37.537083,"37.537083,55.749511",https://yandex.ru/maps/org/vipbtc/90165905299/,"Обмен валюты, электронная платёжная система"
234290490648,Банк Авангард,"Локомотивный пр., 4, Москва, этаж 1",3.6,"3,6",29,29 оценок,До перерыва 28 мин,55.837811,37.576794,"37.576794,55.837811",https://yandex.ru/maps/org/bank_avangard/234290490648/,"Банк, обмен валюты"
172669918426,Совкомбанк,"Советская ул., 2/9, Балашиха",4.0,"4,0",367,367 оценок,Открыто до 21:00,55.795415,37.934709,"37.934709,55.795415",https://yandex.ru/maps/org/sovkombank/172669918426/,"Банк, обмен валюты"
105310032873,GudEx Change,"Пресненская наб., 12, Москва",4.4,"4,4",6,6 оценок,Открыто до 21:00,55.749633,37.537434,"37.537434,55.749633",https://yandex.ru/maps/org/gudex_change/105310032873/,Обмен валюты
32541448656,24iex,"Пресненская наб., 8, стр. 1, Москва, Башня Санкт-Петербург",,,,,Открыто до 22:00,55.747226,37.538538,"37.538538,55.747226",https://yandex.ru/maps/org/24iex/32541448656/,"Обмен валюты, электронная коммерция"
93715270859,Банк Авангард,"МКАД, 24-й километр, 1, посёлок Совхоза имени Ленина, этаж 1",4.1,"4,1",40,40 оценок,До перерыва 28 мин,55.585326,37.724822,"37.724822,55.585326",https://yandex.ru/maps/org/bank_avangard/93715270859/,"Банк, обмен валюты"
